Workbook

Sheet Лист1
A1: I. Mahalla haqida umumiy ma’lumot | C1: Jami ko‘rsatkichlar | D1: A.Navoiy | E1: Bog‘izilol | F1: Bunyodkor | G1: Gultepa | H1: Zargar | I1: Zax-ariq | J1: Istiqbol | K1: Kalas | L1: Qizg‘aldoq | M1: Majnuntol | N1: Ma’rifat | O1: Nurxayot | P1: Sohibkor | Q1: Uch chinor | R1: Fayzobod | S1: Xalimko‘p | T1: Xiyobon | U1: Chuvalachi | V1: Shirin | W1: Avliyo ota | X1: Ayri ota | Y1: Bog‘bon | Z1: Gʻishtko‘prik | AA1: Darxon | AB1: Ibrat | AC1: Ikbol | AD1: Qashqarliq | AE1: Mustaqillik | AF1: Oydin xayot | AG1: Raxbarobod | AH1: Sabzavot | AI1: Sarke | AJ1: Sirg‘ali | AK1: Tutzor | AL1: Axillik | AM1: Baxor | AN1: Kensoy | AO1: Korasaroy | AP1: Ko‘k terak | AQ1: Qir-ariq | AR1: Obodlik | AS1: Ozodlik | AT1: Okibat | AU1: Tinchlik | AV1: Uch sada | AW1: Xasanboy guzar | AX1: Hasanboy | AY1: Huvaydo | AZ1: Beruniy | BA1: Beshterak | BB1: Diydor | BC1: Zarbdor | BD1: Ko‘ksaroy | BE1: Ko‘xinur | BF1: Kushkundi | BG1: Qorabo‘rik | BH1: Oqtom | BI1: Oqtosh | BJ1: Oltin tepa | BK1: O‘rikzor | BL1: Chig‘atoy | BM1: Shamsiobod | BN1: Yangi hayot
A2: 1 | B2: Mahalla soni | C2: =SUM(D2:BN2) -> 63 | D2: 1 | E2: 1 | F2: 1 | G2: 1 | H2: 1 | I2: 1 | J2: 1 | K2: 1 | L2: 1 | M2: 1 | N2: 1 | O2: 1 | P2: 1 | Q2: 1 | R2: 1 | S2: 1 | T2: 1 | U2: 1 | V2: 1 | W2: 1 | X2: 1 | Y2: 1 | Z2: 1 | AA2: 1 | AB2: 1 | AC2: 1 | AD2: 1 | AE2: 1 | AF2: 1 | AG2: 1 | AH2: 1 | AI2: 1 | AJ2: 1 | AK2: 1 | AL2: 1 | AM2: 1 | AN2: 1 | AO2: 1 | AP2: 1 | AQ2: 1 | AR2: 1 | AS2: 1 | AT2: 1 | AU2: 1 | AV2: 1 | AW2: 1 | AX2: 1 | AY2: 1 | AZ2: 1 | BA2: 1 | BB2: 1 | BC2: 1 | BD2: 1 | BE2: 1 | BF2: 1 | BG2: 1 | BH2: 1 | BI2: 1 | BJ2: 1 | BK2: 1 | BL2: 1 | BM2: 1 | BN2: 1
A3: =+A2+1 -> 2 | B3: Umumiy yer maydoni (ga) | C3: =SUM(D3:BN3) -> 11712.95 | D3: 106.5 | E3: 279.3 | F3: 318.2 | G3: 365.5 | H3: 188 | I3: 272.7 | J3: 450 | K3: 86 | L3: 281 | M3: 160 | N3: 93.7 | O3: 285 | P3: 90.6 | Q3: 118.2 | R3: 39.7 | S3: 95.5 | T3: 135 | U3: 410 | V3: 390 | W3: 90.9 | X3: 241.45 | Y3: 356.7 | Z3: 564.2 | AA3: 564.2 | AB3: 564.2 | AC3: 104.1 | AD3: 21.1 | AE3: 382 | AF3: 184 | AG3: 297.4 | AH3: 40 | AI3: 91.2 | AJ3: 223 | AK3: 52 | AL3: 62 | AM3: 95.1 | AN3: 330 | AO3: 225 | AP3: 78.3 | AQ3: 571 | AR3: 82.6 | AS3: 11.9 | AT3: 106.23 | AU3: 10.5 | AV3: 125 | AW3: 330 | AX3: 420.4 | AY3: 113.6 | AZ3: 40.4 | BA3: 44.56 | BB3: 48.1 | BC3: 264.51 | BD3: 81.12 | BE3: 48.8 | BF3: 81.12 | BG3: 82.1 | BH3: 48.49 | BI3: 41.61 | BJ3: 95.1 | BK3: 108 | BL3: 135.66 | BM3: 72.4 | BN3: 18
A4: =+A3+1 -> 3 | B4: Ixtisoslashuvi (drayveri) | C4: 63 | D4: Xizmat ko‘rsatish, savdo sotiq | E4: Bog‘dorchilik, chorvachilik | F4: Xizmatko‘rsatish, ishlab chiqarish | G4: Chorvachilik, dehqonchilik | H4: Chorvachilik, dehqonchilik | I4: Bog‘dorchilik va kasanachilik | J4: Chorvachilik, dehqonchilik | K4: Chorvachilik, dehqonchilik | L4: Tikuvchilik, issiqxonachilik | M4: Chorvachilik, dehqonchilik | N4: Tikuvchilik | O4: Chorvachilik, dehqonchilik | P4: Xizmatko‘rsatish, ishlab chiqarish | Q4: Chorvachilik, dehqonchilik | R4: Xizmatko‘rsatish, ishlab chiqarish | S4: Chorvachilik, dehqonchilik | T4: Chorvachilik, dehqonchilik | U4: Bog‘dorchilik, chorvachilik | V4: Bog‘dorchilik, chorvachilik | W4: Chorvachilik, dehqonchilik | X4: Dehqonchilik | Y4: Xizmat ko‘rsatish, dehqonchilik | Z4: Chorvachilik | AA4: Chorvachilik, dehqonchilik | AB4: Chorvachilik, dehqonchilik | AC4: Xizmatko‘rsatish, dehqonchilik | AD4: Xizmatko‘rsatish, dehqonchilik | AE4: Chorvachilik, dehqonchilik | AF4: Xizmat ko‘rsatish, chorvachilik | AG4: Xizmat ko‘rsatish, chorvachilik | AH4: Xizmat ko‘rsatish, chorvachilik | AI4: Xizmat ko‘rsatish, chorvachilik | AJ4: Xizmat ko‘rsatish, chorvachilik | AK4: Xizmat ko‘rsatish, chorvachilik | AL4: Chorvachilik, tikuvchilik | AM4: Issiqxona, chorvachilik | AN4: Qishloqxo‘jaligi | AO4: Meva sabzavotchilik | AP4: Xizmatko‘rsatish, savdosotiq | AQ4: Chorvachilik, dehqonchilik | AR4: Sanoat ishlab chiqarish | AS4: Tikuvchilik, xizmat ko‘rsatish | AT4: Ishlab chiqarish, xizmatko‘rsatish | AU4: Qishloqxo‘jaligi | AV4: Qishloqxo‘jaligi | AW4: Qishloqxo‘jaligi | AX4: Qishloqxo‘jaligi | AY4: Qishloqxo‘jaligi | AZ4: Chorvachilik, dehqonchilik | BA4: Tikuvchilik | BB4: Ishlab chiqarish, xizmat ko‘rsatish va issiqxona | BC4: Chorvachilik, dehqonchilik | BD4: Xizmatko‘rsatish, tikuvchilik, chorvachilik | BE4: Chorvachilik, dehqonchilik | BF4: Dehqonchilik, issiqxona va tikuvchilik | BG4: Chorvachilik, dehqonchilik, issiqxonada ko‘chatchilik | BH4: Qishloqxo‘jaligi | BI4: Chorvachilik, dehqonchilik | BJ4: Chorvachilik, dehqonchilik | BK4: Chorvachilik, dehqonchilik | BL4: Chorvachilik, dehqonchilik | BM4: Chorvachilik, dehqonchilik | BN4: Chorvachilik, dehqonchilik
A5: =+A4+1 -> 4 | B5: Qo‘shni davlatlar bilan chegarasi mavjud mahalla soni | C5: =SUM(D5:BN5) -> 21 | D5: 0 | E5: 1 | F5: 0 | G5: 1 | H5: 1 | I5: 0 | J5: 1 | K5: 1 | L5: 0 | M5: 1 | N5: 0 | O5: 1 | P5: 0 | Q5: 0 | R5: 0 | S5: 0 | T5: 0 | U5: 1 | V5: 1 | W5: 0 | X5: 0 | Y5: 0 | Z5: 1 | AA5: 0 | AB5: 0 | AC5: 0 | AD5: 0 | AE5: 1 | AF5: 0 | AG5: 0 | AH5: 0 | AI5: 1 | AJ5: 1 | AK5: 0 | AL5: 0 | AM5: 0 | AN5: 1 | AO5: 0 | AP5: 0 | AQ5: 0 | AR5: 0 | AS5: 0 | AT5: 0 | AU5: 0 | AV5: 0 | AW5: 0 | AX5: 0 | AY5: 0 | AZ5: 1 | BA5: 0 | BB5: 0 | BC5: 0 | BD5: 0 | BE5: 0 | BF5: 1 | BG5: 1 | BH5: 1 | BI5: 1 | BJ5: 1 | BK5: 1 | BL5: 0 | BM5: 0 | BN5: 0
A6: 5 | B6: Ko‘chalar soni (a+b+s), shundan: | C6: =SUBTOTAL(9,D6:BN6) -> 1671 | D6: =SUM(D7:D9) -> 39 | E6: =SUM(E7:E9) -> 16 | F6: =SUM(F7:F9) -> 85 | G6: =SUM(G7:G9) -> 19 | H6: =SUM(H7:H9) -> 41 | I6: =SUM(I7:I9) -> 51 | J6: =SUM(J7:J9) -> 10 | K6: =SUM(K7:K9) -> 29 | ... BN6: =SUM(BN7:BN9) -> 13
A7: =+A6+1 -> 6 | B7: a) asosiy ko‘chalar soni | C7: =SUM(D7:BN7) -> 510 | D7: 15 | E7: 13 | F7: 3 | G7: 10 | H7: 8 | I7: 17 | K7: 3 | L7: 14 | M7: 2 | N7: 5 | O7: 6 | P7: 4 | Q7: 9 | R7: 11 | S7: 9 | T7: 3 | U7: 9 | V7: 11 | W7: 14 | X7: 11 | Y7: 7 | Z7: 12 | AA7: 6 | AB7: 3 | AC7: 33 | AD7: 8 | AE7: 19 | AF7: 10 | AG7: 11 | AH7: 5 | AI7: 21 | AJ7: 6 | AK7: 14 | AL7: 9 | AM7: 4 | AN7: 5 | AO7: 10 | AP7: 9 | AQ7: 5 | AR7: 5 | AS7: 1 | AT7: 1 | AU7: 3 | AV7: 0 | AW7: 6 | AX7: 15 | AY7: 4 | AZ7: 6 | BA7: 7 | BB7: 8 | BC7: 6 | BD7: 8 | BE7: 1 | BF7: 8 | BG7: 14 | BH7: 13 | BI7: 4 | BJ7: 4 | BK7: 5 | BL7: 5 | BM7: 10 | BN7: 2
A8: =+A7+1 -> 7 | B8: b) tor ko‘chalar soni | C8: =SUM(D8:BN8) -> 592 | D8: 22 | E8: 0 | F8: 76 | G8: 9 | H8: 26 | I8: 26 | J8: 10 | K8: 21 | L8: 19 | M8: 3 | N8: 16 | O8: 11 | P8: 17 | Q8: 14 | R8: 3 | S8: 14 | T8: 0 | U8: 0 | V8: 1 | W8: 15 | X8: 23 | Y8: 3 | Z8: 1 | AA8: 7 | AB8: 3 | AC8: 2 | AD8: 3 | AE8: 0 | AF8: 10 | AG8: 18 | AH8: 6 | AI8: 0 | AJ8: 0 | AK8: 7 | AL8: 3 | AM8: 0 | AN8: 6 | AO8: 7 | AP8: 0 | AQ8: 26 | AR8: 0 | AS8: 31 | AT8: 5 | AU8: 4 | AV8: 14 | AW8: 30 | AX8: 8 | AY8: 6 | AZ8: 0 | BA8: 2 | BB8: 2 | BC8: 9 | BD8: 4 | BE8: 6 | BF8: 4 | BG8: 6 | BH8: 5 | BI8: 4 | BJ8: 0 | BK8: 14 | BL8: 9 | BM8: 0 | BN8: 1
A9: =+A8+1 -> 8 | B9: s) berk ko‘chalar soni | C9: =SUM(D9:BN9) -> 569 | D9: 2 | E9: 3 | F9: 6 | G9: 0 | H9: 7 | I9: 8 | J9: 0 | K9: 5 | L9: 8 | M9: 2 | N9: 1 | O9: 20 | P9: 2 | Q9: 9 | R9: 0 | S9: 9 | T9: 1 | U9: 1 | V9: 0 | W9: 22 | X9: 6 | Y9: 38 | Z9: 19 | AA9: 12 | AB9: 5 | AC9: 1 | AD9: 4 | AE9: 14 | AF9: 24 | AG9: 2 | AH9: 15 | AI9: 7 | AJ9: 24 | AK9: 0 | AL9: 7 | AM9: 49 | AN9: 1 | AO9: 5 | AP9: 3 | AQ9: 7 | AR9: 0 | AS9: 0 | AT9: 1 | AU9: 0 | AV9: 15 | AW9: 5 | AX9: 5 | AY9: 1 | AZ9: 11 | BA9: 4 | BB9: 0 | BC9: 2 | BD9: 7 | BE9: 13 | BF9: 7 | BG9: 6 | BH9: 25 | BI9: 38 | BJ9: 49 | BK9: 3 | BL9: 13 | BM9: 5 | BN9: 10
A10: =+A9+1 -> 9 | B10: Yakka tartibdagi uylar soni | C10: =SUM(D10:BN10) -> 51271 | D10: 1131 | E10: 1085 | F10: 1046 | G10: 720 | H10: 644 | I10: 741 | J10: 845 | K10: 695 | L10: 1754 | M10: 473 | N10: 656 | O10: 712 | P10: 665 | Q10: 1040 | R10: 1055 | S10: 1042 | T10: 691 | U10: 614 | V10: 656 | W10: 1085 | X10: 1046 | Y10: 896 | Z10: 864 | AA10: 600 | AB10: 647 | AC10: 867 | AD10: 593 | AE10: 1009 | AF10: 700 | AG10: 676 | AH10: 801 | AI10: 732 | AJ10: 534 | AK10: 899 | AL10: 720 | AM10: 644 | AN10: 806 | AO10: 1054 | AP10: 770 | AQ10: 1112 | AR10: 503 | AS10: 850 | AT10: 1047 | AU10: 654 | AV10: 1045 | AW10: 920 | AX10: 727 | AY10: 957 | AZ10: 514 | BA10: 627 | BB10: 721 | BC10: 717 | BD10: 729 | BE10: 655 | BF10: 652 | BG10: 615 | BH10: 1088 | BI10: 1047 | BJ10: 1154 | BK10: 766 | BL10: 818 | BM10: 517 | BN10: 628
A11: =+A10+1 -> 10 | B11: Ko‘p qavatli uylar soni | C11: =SUM(D11:BN11) -> 111 | D11: 8 | E11: 0 | F11: 4 | G11: 0 | H11: 0 | I11: 0 | J11: 5 | K11: 0 | L11: 22 | M11: 0 | N11: 0 | O11: 0 | P11: 0 | Q11: 0 | R11: 4 | S11: 0 | T11: 0 | U11: 0 | V11: 0 | W11: 1 | X11: 0 | Y11: 0 | Z11: 0 | AA11: 0 | AB11: 0 | AC11: 0 | AD11: 0 | AE11: 0 | AF11: 0 | AG11: 0 | AH11: 0 | AI11: 0 | AJ11: 0 | AK11: 0 | AL11: 0 | AM11: 0 | AN11: 8 | AO11: 0 | AP11: 0 | AQ11: 0 | AR11: 2 | AS11: 31 | AT11: 9 | AU11: 0 | AV11: 0 | AW11: 0 | AX11: 0 | AY11: 7 | AZ11: 0 | BA11: 0 | BB11: 6 | BC11: 0 | BD11: 0 | BE11: 0 | BF11: 0 | BG11: 0 | BH11: 4 | BI11: 0 | BJ11: 0 | BK11: 0 | BL11: 0 | BM11: 0 | BN11: 0
A12: =+A11+1 -> 11 | B12: Xonadonlar soni | C12: =SUBTOTAL(9,D12:BN12) -> 48454 | D12: 1131 | E12: 1055 | F12: 1046 | G12: 720 | H12: 644 | I12: 741 | J12: 745 | K12: 695 | L12: 1375 | M12: 473 | N12: 656 | O12: 712 | P12: 665 | Q12: 1040 | R12: 568 | S12: 1042 | T12: 691 | U12: 614 | V12: 656 | W12: 1033 | X12: 1046 | Y12: 896 | Z12: 864 | AA12: 600 | AB12: 647 | AC12: 867 | AD12: 593 | AE12: 1009 | AF12: 700 | AG12: 676 | AH12: 801 | AI12: 732 | AJ12: 534 | AK12: 899 | AL12: 720 | AM12: 644 | AN12: 598 | AO12: 1054 | AP12: 770 | AQ12: 1112 | AR12: 465 | AS12: 31 | AT12: 753 | AU12: 654 | AV12: 1045 | AW12: 920 | AX12: 727 | AY12: 751 | AZ12: 514 | BA12: 627 | BB12: 613 | BC12: 717 | BD12: 729 | BE12: 655 | BF12: 652 | BG12: 615 | BH12: 992 | BI12: 1047 | BJ12: 1154 | BK12: 766 | BL12: 818 | BM12: 517 | BN12: 628
D13: 1234 | E13: 1055 | F13: 1076 | G13: 720 | H13: 644 | I13: 741 | J13: 845 | K13: 695 | L13: 1754 | M13: 473 | N13: 656 | O13: 712 | P13: 665 | Q13: 1040 | R13: 1055 | S13: 1042 | T13: 691 | U13: 614 | V13: 656 | W13: 1085 | X13: 1046 | Y13: 896 | Z13: 864 | AA13: 600 | AB13: 647 | AC13: 867 | AD13: 593 | AE13: 1009 | AF13: 700 | AG13: 676 | AH13: 801 | AI13: 732 | AJ13: 534 | AK13: 899 | AL13: 720 | AM13: 644 | AN13: 806 | AO13: 1054 | AP13: 770 | AQ13: 1112 | AR13: 503 | AS13: 850 | AT13: 1047 | AU13: 654 | AV13: 1045 | AW13: 920 | AX13: 727 | AY13: 957 | AZ13: 514 | BA13: 627 | BB13: 721 | BC13: 717 | BD13: 729 | BE13: 655 | BF13: 652 | BG13: 615 | BH13: 1088 | BI13: 1047 | BJ13: 1154 | BK13: 766 | BL13: 818 | BM13: 517 | BN13: 628
A14: =+A12+1 -> 12 | B14: shundan, ko‘p qavatli uylardagi xonadonlar | C14: =SUM(D14:BN14) -> 2920 | D14: 103 | E14: 0 | F14: 30 | G14: 0 | H14: 0 | I14: 0 | J14: 100 | K14: 0 | L14: 379 | M14: 0 | N14: 0 | O14: 0 | P14: 0 | Q14: 0 | R14: 487 | S14: 0 | T14: 0 | U14: 0 | V14: 0 | W14: 52 | X14: 0 | Y14: 0 | Z14: 0 | AA14: 0 | AB14: 0 | AC14: 0 | AD14: 0 | AE14: 0 | AF14: 0 | AG14: 0 | AH14: 0 | AI14: 0 | AJ14: 0 | AK14: 0 | AL14: 0 | AM14: 0 | AN14: 208 | AO14: 0 | AP14: 0 | AQ14: 0 | AR14: 38 | AS14: 819 | AT14: 294 | AU14: 0 | AV14: 0 | AW14: 0 | AX14: 0 | AY14: 206 | AZ14: 0 | BA14: 0 | BB14: 108 | BC14: 0 | BD14: 0 | BE14: 0 | BF14: 0 | BG14: 0 | BH14: 96 | BI14: 0 | BJ14: 0 | BK14: 0 | BL14: 0 | BM14: 0 | BN14: 0
A15: =+A14+1 -> 13 | B15: Oilalar soni | C15: =SUBTOTAL(9,D15:BN15) -> 67984 | D15: 1593 | E15: 1176 | F15: 1076 | G15: 960 | H15: 920 | I15: 609 | J15: 805 | K15: 1046 | L15: 1448 | M15: 1485 | N15: 950 | O15: 935 | P15: 910 | Q15: 985 | R15: 1176 | S15: 953 | T15: 1210 | U15: 721 | V15: 1015 | W15: 1125 | X15: 859 | Y15: 1016 | Z15: 664 | AA15: 937 | AB15: 1217 | AC15: 714 | AD15: 735 | AE15: 890 | AF15: 2336 | AG15: 1616 | AH15: 1389 | AI15: 733 | AJ15: 960 | AK15: 1297 | AL15: 1165 | AM15: 585 | AN15: 980 | AO15: 1012 | AP15: 1803 | AQ15: 1334 | AR15: 1215 | AS15: 1303 | AT15: 955 | AU15: 1009 | AV15: 767 | AW15: 679 | AX15: 1015 | AY15: 760 | AZ15: 860 | BA15: 1157 | BB15: 1745 | BC15: 1562 | BD15: 1175 | BE15: 1557 | BF15: 1160 | BG15: 1216 | BH15: 1062 | BI15: 1263 | BJ15: 909 | BK15: 978 | BL15: 664 | BM15: 980 | BN15: 653
A16: =+A15+1 -> 14 | B16: Yakka tartibdagi xonadonlarda | C16: =SUM(D16:BN16) -> 67778 | D16: 1490 | E16: 1176 | F16: 1072 | G16: 960 | H16: 920 | I16: 609 | J16: 805 | K16: 1041 | L16: 1448 | M16: 1463 | N16: 950 | O16: 935 | P16: 910 | Q16: 985 | R16: 1176 | S16: 949 | T16: 1210 | U16: 721 | V16: 1015 | W16: 1125 | X16: 858 | Y16: 1016 | Z16: 664 | AA16: 937 | AB16: 1217 | AC16: 714 | AD16: 735 | AE16: 890 | AF16: 2336 | AG16: 1616 | AH16: 1389 | AI16: 733 | AJ16: 960 | AK16: 1297 | AL16: 1165 | AM16: 585 | AN16: 980 | AO16: 1004 | AP16: 1803 | AQ16: 1334 | AR16: 1215 | AS16: 1301 | AT16: 924 | AU16: 1000 | AV16: 767 | AW16: 679 | AX16: 1015 | AY16: 760 | AZ16: 853 | BA16: 1157 | BB16: 1745 | BC16: 1556 | BD16: 1175 | BE16: 1557 | BF16: 1160 | BG16: 1216 | BH16: 1062 | BI16: 1259 | BJ16: 909 | BK16: 978 | BL16: 664 | BM16: 980 | BN16: 653
A17: =+A16+1 -> 15 | B17: Ko‘p qavatli uylardgi xonadonlarda | C17: =SUM(D17:BN17) -> 111 | D17: =+D11 -> 8 | E17: =+E11 -> 0 | F17: =+F11 -> 4 | G17: =+G11 -> 0 | H17: =+H11 -> 0 | I17: =+I11 -> 0 | J17: 5 | K17: =+K11 -> 0 | L17: =+L11 -> 22 | M17: =+M11 -> 0 | N17: =+N11 -> 0 | O17: =+O11 -> 0 | P17: =+P11 -> 0 | Q17: =+Q11 -> 0 | R17: =+R11 -> 4 | ... BN17: =+BN11 -> 0
A18: =+A17+1 -> 16 | B18: Tomorqasi bor xonadonlar soni | C18: =SUBTOTAL(9,D18:BN18) -> 0
A19: =+A18+1 -> 17 | B19: Umumiy tomorqa maydoni (ga) | C19: =SUM(D19:BN19) -> 333.86667 | D19: 5.35 | E19: 8.8416667 | F19: 6.2 | G19: 5.7583333 | H19: 5.3666667 | I19: 6.175 | J19: 5.925 | K19: 4.125 | L19: 5.8333333 | M19: 3.6833333 | N19: 4.1416667 | O19: 3.9166667 | P19: 4.3416667 | Q19: 6.75 | R19: 4.0833333 | S19: 6.75 | T19: 4.3 | U19: 4.8583333 | V19: 5.4666667 | W19: 6.0166667 | X19: 7.9166667 | Y19: 5.6416667 | Z19: 7.2 | AA19: 3.5333333 | AB19: 3 | AC19: 2.9166667 | AD19: 3.7083333 | AE19: 7.6166667 | AF19: 5.475 | AG19: 5 | AH19: 6.175 | AI19: 6.1 | AJ19: 3.5833333 | AK19: 6.475 | AL19: 4.8333333 | AM19: 5.3416667 | AN19: 4.3416667 | AO19: 8.125 | AP19: 5.2916667 | AQ19: 7.1416667 | AR19: 2.8416667 | AS19: 0 | AT19: 3.4833333 | AU19: 2.625 | AV19: 8.7083333 | AW19: 7.6666667 | AX19: 6.0583333 | AY19: 5.8166667 | AZ19: 3.8083333 | BA19: 4.55 | BB19: 4.7333333 | BC19: 5.4833333 | BD19: 4.8666667 | BE19: 4.3 | BF19: 4.8666667 | BG19: 5.125 | BH19: 7.2 | BI19: 8.125 | BJ19: 8.025 | BK19: 5 | BL19: 6.5916667 | BM19: 4.025 | BN19: 2.6666667
A20: =+A19+1 -> 18 | B20: Tomorqadan 3 marta hosil oladigan xonadonlar soni | C20: =SUM(D20:BN20) -> 152 | D20: 3 | E20: 2 | F20: 3 | G20: 2 | H20: 3 | I20: 2 | J20: 3 | K20: 2 | L20: 2 | M20: 2 | N20: 3 | O20: 2 | P20: 3 | Q20: 2 | R20: 3 | S20: 2 | T20: 3 | U20: 2 | V20: 2 | W20: 2 | X20: 3 | Y20: 2 | Z20: 3 | AA20: 2 | AB20: 3 | AC20: 2 | AD20: 3 | AE20: 2 | AF20: 2 | AG20: 2 | AH20: 3 | AI20: 2 | AJ20: 3 | AK20: 2 | AL20: 3 | AM20: 2 | AN20: 3 | AO20: 2 | AP20: 2 | AQ20: 2 | AR20: 3 | AS20: 2 | AT20: 3 | AU20: 2 | AV20: 3 | AW20: 2 | AX20: 3 | AY20: 2 | AZ20: 2 | BA20: 2 | BB20: 3 | BC20: 2 | BD20: 3 | BE20: 2 | BF20: 3 | BG20: 2 | BH20: 3 | BI20: 2 | BJ20: 2 | BK20: 2 | BL20: 3 | BM20: 2 | BN20: 3
A21: =+A20+1 -> 19 | B21: Dala tomorqasi (qo‘shimcha tomorqa) mavjud xonadonlar soni | C21: =SUM(D21:BN21) -> 0 | D21: 0 | E21: 0 | F21: 0 | G21: 0 | H21: 0 | I21: 0 | J21: 0 | K21: 0 | L21: 0 | M21: 0 | N21: 0 | O21: 0 | P21: 0 | Q21: 0 | R21: 0 | S21: 0 | T21: 0 | U21: 0 | V21: 0 | W21: 0 | X21: 0 | Y21: 0 | Z21: 0 | AA21: 0 | AB21: 0 | AC21: 0 | AD21: 0 | AE21: 0 | AF21: 0 | AG21: 0 | AH21: 0 | AI21: 0 | AJ21: 0 | AK21: 0 | AL21: 0 | AM21: 0 | AN21: 0 | AO21: 0 | AP21: 0 | AQ21: 0 | AR21: 0 | AS21: 0 | AT21: 0 | AU21: 0 | AV21: 0 | AW21: 0 | AX21: 0 | AY21: 0 | AZ21: 0 | BA21: 0 | BB21: 0 | BC21: 0 | BD21: 0 | BE21: 0 | BF21: 0 | BG21: 0 | BH21: 0 | BI21: 0 | BJ21: 0 | BK21: 0 | BL21: 0 | BM21: 0 | BN21: 0
A22: 20 | B22: Ijara asosida olingan yerlari (dexqon xo‘jalik) mavjud xonadonlar soni | C22: =SUM(D22:BN22) -> 0 | D22: 0 | E22: 0 | F22: 0 | G22: 0 | H22: 0 | I22: 0 | J22: 0 | K22: 0 | L22: 0 | M22: 0 | N22: 0 | O22: 0 | P22: 0 | Q22: 0 | R22: 0 | S22: 0 | T22: 0 | U22: 0 | V22: 0 | W22: 0 | X22: 0 | Y22: 0 | Z22: 0 | AA22: 0 | AB22: 0 | AC22: 0 | AD22: 0 | AE22: 0 | AF22: 0 | AG22: 0 | AH22: 0 | AI22: 0 | AJ22: 0 | AK22: 0 | AL22: 0 | AM22: 0 | AN22: 0 | AO22: 0 | AP22: 0 | AQ22: 0 | AR22: 0 | AS22: 0 | AT22: 0 | AU22: 0 | AV22: 0 | AW22: 0 | AX22: 0 | AY22: 0 | AZ22: 0 | BA22: 0 | BB22: 0 | BC22: 0 | BD22: 0 | BE22: 0 | BF22: 0 | BG22: 0 | BH22: 0 | BI22: 0 | BJ22: 0 | BK22: 0 | BL22: 0 | BM22: 0 | BN22: 0
A23: 21 | B23: Tomorqasida issiqxona tashkil etgan xonadonlar | C23: =SUM(D23:BN23) -> 602 | D23: 8 | E23: 8 | F23: 22 | G23: 11 | H23: 5 | I23: 28 | J23: 2 | K23: 3 | L23: 31 | M23: 17 | N23: 4 | O23: 6 | P23: 2 | Q23: 12 | R23: 5 | S23: 8 | T23: 3 | U23: 17 | V23: 6 | W23: 3 | X23: 3 | Y23: 6 | Z23: 9 | AA23: 0 | AB23: 2 | AC23: 5 | AD23: 5 | AE23: 8 | AF23: 17 | AG23: 11 | AH23: 5 | AI23: 1 | AJ23: 5 | AK23: 11 | AL23: 4 | AM23: 64 | AN23: 14 | AO23: 11 | AP23: 3 | AQ23: 29 | AR23: 0 | AS23: 0 | AT23: 0 | AU23: 0 | AV23: 3 | AW23: 80 | AX23: 3 | AY23: 0 | AZ23: 0 | BA23: 5 | BB23: 8 | BC23: 2 | BD23: 2 | BE23: 8 | BF23: 10 | BG23: 14 | BH23: 6 | BI23: 12 | BJ23: 6 | BK23: 5 | BL23: 16 | BM23: 7 | BN23: 1
A24: 22 | B24: 2026 yil bahor va kuz mavsumida mevali va manzarali ko‘chat ekish rejasi | C24: =SUBTOTAL(9,D24:BN24) -> 128243 | D24: =SUM(D25:D26) -> 2827 | E24: =SUM(E25:E26) -> 2712 | F24: =SUM(F25:F26) -> 2615 | G24: =SUM(G25:G26) -> 1800 | H24: =SUM(H25:H26) -> 1610 | I24: =SUM(I25:I26) -> 1852 | J24: =SUM(J25:J26) -> 2112 | K24: =SUM(K25:K26) -> 1737 | ... BN24: =SUM(BN25:BN26) -> 1570
A25: =+A24+1 -> 23 | B25: mevali | C25: =SUM(D25:BN25) -> 76940 | D25: 1696 | E25: 1627 | F25: 1569 | G25: 1080 | H25: 966 | I25: 1111 | J25: 1267 | K25: 1042 | L25: 2631 | M25: 709 | N25: 984 | O25: 1068 | P25: 997 | Q25: 1560 | R25: 1582 | S25: 1563 | T25: 1036 | U25: 921 | V25: 984 | W25: 1627 | X25: 1569 | Y25: 1344 | Z25: 1296 | AA25: 900 | AB25: 970 | AC25: 1300 | AD25: 889 | AE25: 1513 | AF25: 1050 | AG25: 1014 | AH25: 1201 | AI25: 1098 | AJ25: 801 | AK25: 1348 | AL25: 1128 | AM25: 966 | AN25: 1209 | AO25: 1581 | AP25: 1155 | AQ25: 1668 | AR25: 754 | AS25: 1275 | AT25: 1570 | AU25: 981 | AV25: 1567 | AW25: 1380 | AX25: 1090 | AY25: 1435 | AZ25: 771 | BA25: 940 | BB25: 1081 | BC25: 1075 | BD25: 1093 | BE25: 982 | BF25: 978 | BG25: 922 | BH25: 1632 | BI25: 1570 | BJ25: 1731 | BK25: 1149 | BL25: 1227 | BM25: 775 | BN25: 942
A26: =+A25+1 -> 24 | B26: manzarali | C26: =SUM(D26:BN26) -> 51303 | D26: 1131 | E26: 1085 | F26: 1046 | G26: 720 | H26: 644 | I26: 741 | J26: 845 | K26: 695 | L26: 1754 | M26: 473 | N26: 656 | O26: 712 | P26: 665 | Q26: 1040 | R26: 1055 | S26: 1042 | T26: 691 | U26: 614 | V26: 656 | W26: 1085 | X26: 1046 | Y26: 896 | Z26: 864 | AA26: 600 | AB26: 647 | AC26: 867 | AD26: 593 | AE26: 1009 | AF26: 700 | AG26: 676 | AH26: 801 | AI26: 732 | AJ26: 534 | AK26: 899 | AL26: 752 | AM26: 644 | AN26: 806 | AO26: 1054 | AP26: 770 | AQ26: 1112 | AR26: 503 | AS26: 850 | AT26: 1047 | AU26: 654 | AV26: 1045 | AW26: 920 | AX26: 727 | AY26: 957 | AZ26: 514 | BA26: 627 | BB26: 721 | BC26: 717 | BD26: 729 | BE26: 655 | BF26: 652 | BG26: 615 | BH26: 1088 | BI26: 1047 | BJ26: 1154 | BK26: 766 | BL26: 818 | BM26: 517 | BN26: 628
A27: II. Demografik ko‘rsatkichlar (soni) | C27: =SUBTOTAL(9,D27:BN27) -> 240967 | D27: =SUM(D28) -> 5214 | E27: =SUM(E28) -> 3662 | F27: =SUM(F28) -> 4165 | G27: =SUM(G28) -> 3633 | H27: =SUM(H28) -> 3900 | I27: =SUM(I28) -> 4727 | J27: =SUM(J28) -> 3697 | K27: =SUM(K28) -> 3437 | ... BN27: =SUM(BN28) -> 2960
A28: 25 | B28: Aholi soni: | C28: =SUBTOTAL(9,D28:BN28) -> 240967 | D28: =SUM(D29:D30) -> 5214 | E28: =SUM(E29:E30) -> 3662 | F28: =SUM(F29:F30) -> 4165 | G28: =SUM(G29:G30) -> 3633 | H28: =SUM(H29:H30) -> 3900 | I28: =SUM(I29:I30) -> 4727 | J28: =SUM(J29:J30) -> 3697 | K28: =SUM(K29:K30) -> 3437 | ... BN28: =SUM(BN29:BN30) -> 2960
A29: =+A28+1 -> 26 | B29: erkaklar | C29: =SUM(D29:BN29) -> 132523 | D29: 2867 | E29: 2014 | F29: 2290 | G29: 1998 | H29: 2145 | I29: 2599 | J29: 2033 | K29: 1890 | L29: 3433 | M29: 1636 | N29: 2004 | O29: 2402 | P29: 2337 | Q29: 3180 | R29: 2351 | S29: 3039 | T29: 1831 | U29: 1851 | V29: 2078 | W29: 2173 | X29: 2646 | Y29: 1778 | Z29: 2040 | AA29: 1386 | AB29: 1567 | AC29: 2178 | AD29: 1694 | AE29: 2345 | AF29: 2220 | AG29: 1932 | AH29: 1832 | AI29: 1615 | AJ29: 1360 | AK29: 1203 | AL29: 1210 | AM29: 2099 | AN29: 1818 | AO29: 2357 | AP29: 2054 | AQ29: 2626 | AR29: 1123 | AS29: 1842 | AT29: 1791 | AU29: 2125 | AV29: 2620 | AW29: 2557 | AX29: 2301 | AY29: 3318 | AZ29: 1658 | BA29: 1654 | BB29: 1983 | BC29: 2365 | BD29: 2356 | BE29: 2120 | BF29: 1802 | BG29: 1790 | BH29: 2771 | BI29: 2148 | BJ29: 2337 | BK29: 1961 | BL29: 2364 | BM29: 1798 | BN29: 1628
A30: =+A29+1 -> 27 | B30: ayollar | C30: =SUM(D30:BN30) -> 108444 | D30: 2347 | E30: 1648 | F30: 1875 | G30: 1635 | H30: 1755 | I30: 2128 | J30: 1664 | K30: 1547 | L30: 2809 | M30: 1339 | N30: 1641 | O30: 1966 | P30: 1913 | Q30: 2602 | R30: 1925 | S30: 2487 | T30: 1499 | U30: 1516 | V30: 1701 | W30: 1779 | X30: 2165 | Y30: 1456 | Z30: 1670 | AA30: 1134 | AB30: 1283 | AC30: 1782 | AD30: 1386 | AE30: 1919 | AF30: 1780 | AG30: 1582 | AH30: 1500 | AI30: 1322 | AJ30: 1114 | AK30: 986 | AL30: 990 | AM30: 1718 | AN30: 1488 | AO30: 1930 | AP30: 1682 | AQ30: 2150 | AR30: 919 | AS30: 1508 | AT30: 1466 | AU30: 1740 | AV30: 2145 | AW30: 2093 | AX30: 1884 | AY30: 2716 | AZ30: 1357 | BA30: 1354 | BB30: 1624 | BC30: 1935 | BD30: 1928 | BE30: 1736 | BF30: 1476 | BG30: 1466 | BH30: 2268 | BI30: 1759 | BJ30: 1913 | BK30: 1605 | BL30: 1935 | BM30: 1472 | BN30: 1332
B31: Yosh toifasi bo‘yicha: | C31: =SUM(D31:BN31) -> 0
A32: =+A30+1 -> 28 | B32: maktab yoshigacha bo‘lgan bolalar (0-6 yosh) | C32: =SUM(D32:BN32) -> 19251 | D32: 417 | E32: 292 | F32: 333 | G32: 290 | H32: 312 | I32: 378 | J32: 295 | K32: 274 | L32: 499 | M32: 238 | N32: 291 | O32: 349 | P32: 340 | Q32: 462 | R32: 342 | S32: 442 | T32: 266 | U32: 269 | V32: 302 | W32: 316 | X32: 384 | Y32: 258 | Z32: 296 | AA32: 201 | AB32: 228 | AC32: 316 | AD32: 246 | AE32: 341 | AF32: 320 | AG32: 281 | AH32: 266 | AI32: 234 | AJ32: 197 | AK32: 175 | AL32: 176 | AM32: 305 | AN32: 264 | AO32: 342 | AP32: 298 | AQ32: 382 | AR32: 163 | AS32: 268 | AT32: 260 | AU32: 309 | AV32: 381 | AW32: 372 | AX32: 334 | AY32: 482 | AZ32: 241 | BA32: 240 | BB32: 288 | BC32: 344 | BD32: 342 | BE32: 308 | BF32: 262 | BG32: 260 | BH32: 403 | BI32: 312 | BJ32: 340 | BK32: 285 | BL32: 343 | BM32: 261 | BN32: 236
A33: =+A32+1 -> 29 | B33: voyaga yetmaganlar (0-18 yosh) | C33: =SUM(D33:BN33) -> 48173 | D33: 1042 | E33: 732 | F33: 833 | G33: 726 | H33: 780 | I33: 945 | J33: 739 | K33: 687 | L33: 1248 | M33: 595 | N33: 729 | O33: 873 | P33: 850 | Q33: 1156 | R33: 855 | S33: 1105 | T33: 666 | U33: 673 | V33: 755 | W33: 790 | X33: 961 | Y33: 646 | Z33: 742 | AA33: 504 | AB33: 570 | AC33: 792 | AD33: 616 | AE33: 852 | AF33: 800 | AG33: 702 | AH33: 666 | AI33: 587 | AJ33: 494 | AK33: 437 | AL33: 440 | AM33: 763 | AN33: 661 | AO33: 857 | AP33: 747 | AQ33: 955 | AR33: 408 | AS33: 670 | AT33: 651 | AU33: 773 | AV33: 953 | AW33: 930 | AX33: 837 | AY33: 1206 | AZ33: 603 | BA33: 601 | BB33: 721 | BC33: 860 | BD33: 856 | BE33: 771 | BF33: 655 | BG33: 651 | BH33: 1007 | BI33: 781 | BJ33: 850 | BK33: 713 | BL33: 859 | BM33: 654 | BN33: 592
A34: =+A33+1 -> 30 | B34: yoshlar (14-30 yosh) | C34: =SUM(D34:BN34) -> 63988 | D34: 1240 | E34: 976 | F34: 1047 | G34: 996 | H34: 1094 | I34: 1329 | J34: 1315 | K34: 868 | L34: 1307 | M34: 626 | N34: 1294 | O34: 1163 | P34: 1097 | Q34: 1585 | R34: 821 | S34: 1193 | T34: 919 | U34: 967 | V34: 957 | W34: 928 | X34: 1309 | Y34: 1171 | Z34: 1092 | AA34: 530 | AB34: 647 | AC34: 1072 | AD34: 705 | AE34: 1478 | AF34: 966 | AG34: 890 | AH34: 1038 | AI34: 961 | AJ34: 779 | AK34: 709 | AL34: 702 | AM34: 1106 | AN34: 966 | AO34: 976 | AP34: 1141 | AQ34: 1187 | AR34: 656 | AS34: 919 | AT34: 826 | AU34: 903 | AV34: 1145 | AW34: 1414 | AX34: 1350 | AY34: 1434 | AZ34: 717 | BA34: 835 | BB34: 1173 | BC34: 935 | BD34: 1115 | BE34: 823 | BF34: 823 | BG34: 1094 | BH34: 920 | BI34: 1150 | BJ34: 1054 | BK34: 673 | BL34: 1315 | BM34: 963 | BN34: 604
A35: =+A34+1 -> 31 | B35: keksalar (60 yosh va undan kattalar) | C35: =SUM(D35:BN35) -> 36119 | D35: 782 | E35: 549 | F35: 624 | G35: 544 | H35: 585 | I35: 709 | J35: 554 | K35: 515 | L35: 936 | M35: 446 | N35: 546 | O35: 655 | P35: 637 | Q35: 867 | R35: 641 | S35: 828 | T35: 499 | U35: 505 | V35: 566 | W35: 592 | X35: 721 | Y35: 485 | Z35: 556 | AA35: 378 | AB35: 427 | AC35: 594 | AD35: 462 | AE35: 639 | AF35: 600 | AG35: 527 | AH35: 499 | AI35: 440 | AJ35: 371 | AK35: 328 | AL35: 330 | AM35: 572 | AN35: 495 | AO35: 643 | AP35: 560 | AQ35: 716 | AR35: 306 | AS35: 502 | AT35: 488 | AU35: 579 | AV35: 714 | AW35: 697 | AX35: 627 | AY35: 905 | AZ35: 452 | BA35: 451 | BB35: 541 | BC35: 645 | BD35: 642 | BE35: 578 | BF35: 491 | BG35: 488 | BH35: 755 | BI35: 586 | BJ35: 637 | BK35: 534 | BL35: 644 | BM35: 490 | BN35: 444
A36: III. Aholining etnik tarkibi(soni): | C36: =SUBTOTAL(9,D36:BN36) -> 240967 | D36: =SUM(D37:D47) -> 5214 | E36: =SUM(E37:E47) -> 3662 | F36: =SUM(F37:F47) -> 4165 | G36: =SUM(G37:G47) -> 3633 | H36: =SUM(H37:H47) -> 3900 | I36: =SUM(I37:I47) -> 4727 | J36: =SUM(J37:J47) -> 3697 | K36: =SUM(K37:K47) -> 3437 | ... BN36: =SUM(BN37:BN47) -> 2960
A37: =+A35+1 -> 32 | B37: o‘zbek | C37: =SUM(D37:BN37) -> 217812 | D37: 4986 | E37: 3599 | F37: 4113 | G37: 3380 | H37: 3520 | I37: 4302 | J37: 3686 | K37: 3021 | L37: 6042 | M37: 2920 | N37: 3585 | O37: 4238 | P37: 4196 | Q37: 5728 | R37: 4198 | S37: 5476 | T37: 3321 | U37: 3330 | V37: 3775 | W37: 3915 | X37: 4399 | Y37: 3109 | Z37: 3674 | AA37: 2210 | AB37: 2433 | AC37: 3920 | AD37: 2916 | AE37: 3723 | AF37: 3411 | AG37: 3484 | AH37: 3212 | AI37: 1179 | AJ37: 1272 | AK37: 2107 | AL37: 1621 | AM37: 3304 | AN37: 2936 | AO37: 4195 | AP37: 3379 | AQ37: 4475 | AR37: 936 | AS37: 2713 | AT37: 2343 | AU37: 3354 | AV37: 4678 | AW37: 4628 | AX37: 4132 | AY37: 5815 | AZ37: 1795 | BA37: 2713 | BB37: 3316 | BC37: 2917 | BD37: 3900 | BE37: 3765 | BF37: 2894 | BG37: 1540 | BH37: 3748 | BI37: 3436 | BJ37: 3737 | BK37: 3247 | BL37: 4271 | BM37: 2769 | BN37: 2875
A38: =+A37+1 -> 33 | B38: qoraqalpoq | C38: =SUM(D38:BN38) -> 151 | D38: 0 | E38: 0 | F38: 8 | G38: 0 | H38: 0 | I38: 0 | J38: 0 | K38: 1 | L38: 0 | M38: 0 | N38: 0 | O38: 0 | P38: 0 | Q38: 0 | R38: 0 | S38: 0 | T38: 0 | U38: 0 | V38: 0 | W38: 0 | X38: 5 | Y38: 0 | Z38: 5 | AA38: 8 | AB38: 0 | AC38: 0 | AD38: 4 | AE38: 8 | AF38: 5 | AG38: 0 | AH38: 0 | AI38: 2 | AJ38: 0 | AK38: 0 | AL38: 0 | AM38: 0 | AN38: 4 | AO38: 0 | AP38: 0 | AQ38: 0 | AR38: 12 | AS38: 2 | AT38: 42 | AU38: 0 | AV38: 0 | AW38: 3 | AX38: 0 | AY38: 4 | AZ38: 0 | BA38: 0 | BB38: 2 | BC38: 0 | BD38: 11 | BE38: 0 | BF38: 11 | BG38: 0 | BH38: 4 | BI38: 0 | BJ38: 0 | BK38: 0 | BL38: 0 | BM38: 0 | BN38: 10
A39: =+A38+1 -> 34 | B39: rus | C39: =SUM(D39:BN39) -> 1241 | D39: 4 | E39: 0 | F39: 3 | G39: 3 | H39: 0 | I39: 0 | J39: 1 | K39: 8 | L39: 0 | M39: 8 | N39: 0 | O39: 0 | P39: 2 | Q39: 0 | R39: 0 | S39: 0 | T39: 1 | U39: 1 | V39: 1 | W39: 0 | X39: 5 | Y39: 4 | Z39: 7 | AA39: 58 | AB39: 72 | AC39: 1 | AD39: 0 | AE39: 2 | AF39: 0 | AG39: 1 | AH39: 15 | AI39: 0 | AJ39: 5 | AK39: 12 | AL39: 147 | AM39: 37 | AN39: 102 | AO39: 1 | AP39: 17 | AQ39: 16 | AR39: 159 | AS39: 325 | AT39: 1 | AU39: 0 | AV39: 3 | AW39: 8 | AX39: 1 | AY39: 37 | AZ39: 4 | BA39: 10 | BB39: 42 | BC39: 1 | BD39: 5 | BE39: 50 | BF39: 5 | BG39: 0 | BH39: 2 | BI39: 0 | BJ39: 37 | BK39: 1 | BL39: 0 | BM39: 13 | BN39: 3
A40: =+A39+1 -> 35 | B40: qirg‘iz | C40: =SUM(D40:BN40) -> 83 | D40: 0 | E40: 0 | F40: 0 | G40: 0 | H40: 0 | I40: 0 | J40: 0 | K40: 0 | L40: 0 | M40: 0 | N40: 0 | O40: 0 | P40: 39 | Q40: 0 | R40: 6 | S40: 0 | T40: 0 | U40: 0 | V40: 0 | W40: 2 | X40: 0 | Y40: 0 | Z40: 0 | AA40: 24 | AB40: 0 | AC40: 0 | AD40: 0 | AE40: 0 | AF40: 0 | AG40: 0 | AH40: 0 | AI40: 1 | AJ40: 0 | AK40: 0 | AL40: 0 | AM40: 0 | AN40: 0 | AO40: 0 | AP40: 0 | AQ40: 2 | AR40: 2 | AS40: 4 | AT40: 2 | AU40: 1 | AV40: 0 | AW40: 0 | AX40: 0 | AY40: 0 | AZ40: 0 | BA40: 0 | BB40: 0 | BC40: 0 | BD40: 0 | BE40: 0 | BF40: 0 | BG40: 0 | BH40: 0 | BI40: 0 | BJ40: 0 | BK40: 0 | BL40: 0 | BM40: 0 | BN40: 0
A41: =+A40+1 -> 36 | B41: qozoq | C41: =SUM(D41:BN41) -> 15281 | D41: 8 | E41: 30 | F41: 14 | G41: 96 | H41: 349 | I41: 378 | J41: 0 | K41: 332 | L41: 95 | M41: 17 | N41: 39 | O41: 128 | P41: 0 | Q41: 15 | R41: 0 | S41: 15 | T41: 0 | U41: 15 | V41: 0 | W41: 12 | X41: 378 | Y41: 106 | Z41: 21 | AA41: 51 | AB41: 87 | AC41: 0 | AD41: 144 | AE41: 481 | AF41: 555 | AG41: 29 | AH41: 50 | AI41: 1746 | AJ41: 1192 | AK41: 55 | AL41: 14 | AM41: 310 | AN41: 14 | AO41: 0 | AP41: 111 | AQ41: 239 | AR41: 291 | AS41: 26 | AT41: 45 | AU41: 17 | AV41: 30 | AW41: 0 | AX41: 45 | AY41: 46 | AZ41: 1192 | BA41: 210 | BB41: 101 | BC41: 1352 | BD41: 341 | BE41: 15 | BF41: 341 | BG41: 1461 | BH41: 1251 | BI41: 451 | BJ41: 310 | BK41: 250 | BL41: 28 | BM41: 322 | BN41: 30
A42: =+A41+1 -> 37 | B42: turkman | C42: =SUM(D42:BN42) -> 106 | D42: 0 | E42: 0 | F42: 3 | G42: 0 | H42: 0 | I42: 0 | J42: 0 | K42: 0 | L42: 0 | M42: 0 | N42: 0 | O42: 0 | P42: 0 | Q42: 4 | R42: 0 | S42: 4 | T42: 3 | U42: 0 | V42: 3 | W42: 2 | X42: 0 | Y42: 3 | Z42: 0 | AA42: 0 | AB42: 0 | AC42: 25 | AD42: 0 | AE42: 0 | AF42: 0 | AG42: 0 | AH42: 0 | AI42: 0 | AJ42: 0 | AK42: 0 | AL42: 0 | AM42: 0 | AN42: 5 | AO42: 0 | AP42: 1 | AQ42: 0 | AR42: 23 | AS42: 0 | AT42: 18 | AU42: 0 | AV42: 0 | AW42: 0 | AX42: 0 | AY42: 1 | AZ42: 0 | BA42: 0 | BB42: 1 | BC42: 0 | BD42: 3 | BE42: 0 | BF42: 3 | BG42: 0 | BH42: 0 | BI42: 0 | BJ42: 0 | BK42: 4 | BL42: 0 | BM42: 0 | BN42: 0
A43: =+A42+1 -> 38 | B43: tojik | C43: =SUM(D43:BN43) -> 841 | D43: 22 | E43: 0 | F43: 6 | G43: 131 | H43: 0 | I43: 0 | J43: 0 | K43: 6 | L43: 5 | M43: 9 | N43: 2 | O43: 0 | P43: 0 | Q43: 0 | R43: 70 | S43: 0 | T43: 0 | U43: 0 | V43: 0 | W43: 3 | X43: 0 | Y43: 0 | Z43: 3 | AA43: 86 | AB43: 0 | AC43: 0 | AD43: 8 | AE43: 0 | AF43: 5 | AG43: 0 | AH43: 10 | AI43: 0 | AJ43: 0 | AK43: 0 | AL43: 0 | AM43: 0 | AN43: 43 | AO43: 0 | AP43: 2 | AQ43: 0 | AR43: 9 | AS43: 18 | AT43: 0 | AU43: 55 | AV43: 5 | AW43: 0 | AX43: 0 | AY43: 5 | AZ43: 10 | BA43: 24 | BB43: 9 | BC43: 9 | BD43: 16 | BE43: 0 | BF43: 16 | BG43: 239 | BH43: 4 | BI43: 6 | BJ43: 0 | BK43: 5 | BL43: 0 | BM43: 0 | BN43: 0
A44: =+A43+1 -> 39 | B44: tatar | C44: =SUM(D44:BN44) -> 1917 | D44: 5 | E44: 32 | F44: 18 | G44: 19 | H44: 30 | I44: 47 | J44: 10 | K44: 15 | L44: 0 | M44: 13 | N44: 5 | O44: 0 | P44: 0 | Q44: 31 | R44: 2 | S44: 31 | T44: 0 | U44: 6 | V44: 0 | W44: 5 | X44: 15 | Y44: 12 | Z44: 0 | AA44: 38 | AB44: 48 | AC44: 14 | AD44: 8 | AE44: 36 | AF44: 8 | AG44: 0 | AH44: 15 | AI44: 3 | AJ44: 4 | AK44: 15 | AL44: 56 | AM44: 41 | AN44: 142 | AO44: 5 | AP44: 204 | AQ44: 16 | AR44: 252 | AS44: 102 | AT44: 256 | AU44: 72 | AV44: 14 | AW44: 0 | AX44: 7 | AY44: 36 | AZ44: 10 | BA44: 0 | BB44: 65 | BC44: 6 | BD44: 6 | BE44: 20 | BF44: 6 | BG44: 16 | BH44: 5 | BI44: 6 | BJ44: 41 | BK44: 3 | BL44: 0 | BM44: 41 | BN44: 4
A45: =+A44+1 -> 40 | B45: uyg‘ur | C45: =SUM(D45:BN45) -> 2769 | D45: 188 | E45: 0 | F45: 0 | G45: 0 | H45: 0 | I45: 0 | J45: 0 | K45: 53 | L45: 100 | M45: 8 | N45: 11 | O45: 0 | P45: 10 | Q45: 0 | R45: 0 | S45: 0 | T45: 0 | U45: 0 | V45: 0 | W45: 10 | X45: 0 | Y45: 0 | Z45: 0 | AA45: 25 | AB45: 0 | AC45: 0 | AD45: 0 | AE45: 7 | AF45: 15 | AG45: 0 | AH45: 30 | AI45: 6 | AJ45: 1 | AK45: 0 | AL45: 312 | AM45: 125 | AN45: 18 | AO45: 86 | AP45: 8 | AQ45: 28 | AR45: 54 | AS45: 158 | AT45: 520 | AU45: 366 | AV45: 30 | AW45: 0 | AX45: 0 | AY45: 90 | AZ45: 4 | BA45: 51 | BB45: 53 | BC45: 15 | BD45: 2 | BE45: 6 | BF45: 2 | BG45: 0 | BH45: 25 | BI45: 8 | BJ45: 125 | BK45: 56 | BL45: 0 | BM45: 125 | BN45: 38
A46: =+A45+1 -> 41 | B46: koreys | C46: =SUM(D46:BN46) -> 23 | D46: 1 | E46: 0 | F46: 0 | G46: 0 | H46: 1 | I46: 0 | J46: 0 | K46: 1 | L46: 0 | M46: 0 | N46: 1 | O46: 2 | P46: 3 | Q46: 4 | R46: 0 | S46: 0 | T46: 5 | U46: 0 | V46: 0 | W46: 2 | X46: 3 | Y46: 0 | Z46: 0 | AA46: 0 | AB46: 0 | AC46: 0 | AD46: 0 | AE46: 0 | AF46: 0 | AG46: 0 | AH46: 0 | AI46: 0 | AJ46: 0 | AK46: 0 | AL46: 0 | AM46: 0 | AN46: 0 | AO46: 0 | AP46: 0 | AQ46: 0 | AR46: 0 | AS46: 0 | AT46: 0 | AU46: 0 | AV46: 0 | AW46: 0 | AX46: 0 | AY46: 0 | AZ46: 0 | BA46: 0 | BB46: 0 | BC46: 0 | BD46: 0 | BE46: 0 | BF46: 0 | BG46: 0 | BH46: 0 | BI46: 0 | BJ46: 0 | BK46: 0 | BL46: 0 | BM46: 0 | BN46: 0
A47: =+A46+1 -> 42 | B47: boshqalar | C47: =SUM(D47:BN47) -> 743 | D47: 0 | E47: 1 | F47: 0 | G47: 4 | H47: 0 | I47: 0 | J47: 0 | K47: 0 | L47: 0 | M47: 0 | N47: 2 | O47: 0 | P47: 0 | Q47: 0 | R47: 0 | S47: 0 | T47: 0 | U47: 15 | V47: 0 | W47: 1 | X47: 6 | Y47: 0 | Z47: 0 | AA47: 20 | AB47: 210 | AC47: 0 | AD47: 0 | AE47: 7 | AF47: 1 | AG47: 0 | AH47: 0 | AI47: 0 | AJ47: 0 | AK47: 0 | AL47: 50 | AM47: 0 | AN47: 42 | AO47: 0 | AP47: 14 | AQ47: 0 | AR47: 304 | AS47: 2 | AT47: 30 | AU47: 0 | AV47: 5 | AW47: 11 | AX47: 0 | AY47: 0 | AZ47: 0 | BA47: 0 | BB47: 18 | BC47: 0 | BD47: 0 | BE47: 0 | BF47: 0 | BG47: 0 | BH47: 0 | BI47: 0 | BJ47: 0 | BK47: 0 | BL47: 0 | BM47: 0 | BN47: 0
A48: IV. Aholining ijtimoiy holati (soni) | C48: =SUBTOTAL(9,D48:BN48) -> 0
A49: =+A47+1 -> 43 | B49: Pensionerlar | C49: =SUM(D49:BN49) -> 36119 | D49: 782 | E49: 549 | F49: 624 | G49: 544 | H49: 585 | I49: 709 | J49: 554 | K49: 515 | L49: 936 | M49: 446 | N49: 546 | O49: 655 | P49: 637 | Q49: 867 | R49: 641 | S49: 828 | T49: 499 | U49: 505 | V49: 566 | W49: 592 | X49: 721 | Y49: 485 | Z49: 556 | AA49: 378 | AB49: 427 | AC49: 594 | AD49: 462 | AE49: 639 | AF49: 600 | AG49: 527 | AH49: 499 | AI49: 440 | AJ49: 371 | AK49: 328 | AL49: 330 | AM49: 572 | AN49: 495 | AO49: 643 | AP49: 560 | AQ49: 716 | AR49: 306 | AS49: 502 | AT49: 488 | AU49: 579 | AV49: 714 | AW49: 697 | AX49: 627 | AY49: 905 | AZ49: 452 | BA49: 451 | BB49: 541 | BC49: 645 | BD49: 642 | BE49: 578 | BF49: 491 | BG49: 488 | BH49: 755 | BI49: 586 | BJ49: 637 | BK49: 534 | BL49: 644 | BM49: 490 | BN49: 444
A50: =+A49+1 -> 44 | B50: shundan, ayollar | C50: =SUM(D50:BN50) -> 21649 | D50: 469 | E50: 329 | F50: 374 | G50: 326 | H50: 351 | I50: 425 | J50: 332 | K50: 309 | L50: 561 | M50: 267 | N50: 327 | O50: 393 | P50: 382 | Q50: 520 | R50: 384 | S50: 496 | T50: 299 | U50: 303 | V50: 339 | W50: 355 | X50: 432 | Y50: 291 | Z50: 333 | AA50: 226 | AB50: 256 | AC50: 356 | AD50: 277 | AE50: 383 | AF50: 360 | AG50: 316 | AH50: 299 | AI50: 264 | AJ50: 222 | AK50: 196 | AL50: 198 | AM50: 343 | AN50: 297 | AO50: 385 | AP50: 336 | AQ50: 429 | AR50: 183 | AS50: 301 | AT50: 292 | AU50: 347 | AV50: 428 | AW50: 418 | AX50: 376 | AY50: 543 | AZ50: 271 | BA50: 270 | BB50: 324 | BC50: 387 | BD50: 385 | BE50: 346 | BF50: 294 | BG50: 292 | BH50: 453 | BI50: 351 | BJ50: 382 | BK50: 320 | BL50: 386 | BM50: 294 | BN50: 266
A51: =+A50+1 -> 45 | B51: Boquvchisini yo‘qotgan oilalar | C51: =SUM(D51:BN51) -> 99 | D51: 2 | E51: 1 | F51: 2 | G51: 1 | H51: 2 | I51: 2 | J51: 1 | K51: 2 | L51: 3 | M51: 1 | N51: 1 | O51: 2 | P51: 2 | Q51: 3 | R51: 2 | S51: 2 | T51: 1 | U51: 1 | V51: 2 | W51: 2 | X51: 2 | Y51: 1 | Z51: 1 | AA51: 1 | AB51: 1 | AC51: 2 | AD51: 1 | AE51: 2 | AF51: 2 | AG51: 1 | AH51: 1 | AI51: 1 | AJ51: 1 | AK51: 1 | AL51: 1 | AM51: 2 | AN51: 1 | AO51: 2 | AP51: 2 | AQ51: 2 | AR51: 1 | AS51: 1 | AT51: 1 | AU51: 2 | AV51: 2 | AW51: 2 | AX51: 2 | AY51: 3 | AZ51: 1 | BA51: 1 | BB51: 1 | BC51: 2 | BD51: 2 | BE51: 2 | BF51: 1 | BG51: 1 | BH51: 2 | BI51: 2 | BJ51: 2 | BK51: 1 | BL51: 2 | BM51: 1 | BN51: 1
A52: =+A51+1 -> 46 | B52: O‘zgalar parvarishiga muhtoj bo‘lgan yolg‘iz yashovchi hamda yolg‘iz keksalar | C52: =SUM(D52:BN52) -> 33 | D52: 1 | E52: 0 | F52: 0 | G52: 0 | H52: 0 | I52: 0 | J52: 0 | K52: 0 | L52: 0 | M52: 0 | N52: 0 | O52: 0 | P52: 0 | Q52: 1 | R52: 0 | S52: 0 | T52: 0 | U52: 0 | V52: 0 | W52: 0 | X52: 0 | Y52: 1 | Z52: 0 | AA52: 1 | AB52: 1 | AC52: 0 | AD52: 0 | AE52: 0 | AF52: 0 | AG52: 0 | AH52: 0 | AI52: 0 | AJ52: 0 | AK52: 0 | AL52: 1 | AM52: 1 | AN52: 0 | AO52: 0 | AP52: 0 | AQ52: 2 | AR52: 3 | AS52: 6 | AT52: 4 | AU52: 3 | AV52: 0 | AW52: 0 | AX52: 1 | AY52: 3 | AZ52: 2 | BA52: 0 | BB52: 0 | BC52: 0 | BD52: 0 | BE52: 0 | BF52: 0 | BG52: 1 | BH52: 0 | BI52: 0 | BJ52: 1 | BK52: 0 | BL52: 0 | BM52: 0 | BN52: 0
A53: =+A52+1 -> 47 | B53: Vasiylik va homiylikka olingan bolalar | C53: =SUM(D53:BN53) -> 15 | D53: 0 | E53: 0 | F53: 0 | G53: 0 | H53: 0 | I53: 0 | J53: 0 | K53: 0 | L53: 0 | M53: 0 | N53: 0 | O53: 0 | P53: 0 | Q53: =+S53 -> 0 | R53: 0 | S53: 0 | T53: 0 | U53: 0 | V53: 0 | W53: 0 | X53: 0 | Y53: 6 | Z53: 1 | AA53: 0 | AB53: 0 | AC53: 0 | AD53: 1 | AE53: 0 | AF53: 0 | AG53: 0 | AH53: 6 | AI53: 0 | AJ53: 0 | AK53: 0 | AL53: 0 | AM53: 0 | AN53: 0 | AO53: 0 | AP53: 0 | AQ53: 1 | AR53: 0 | AS53: 0 | AT53: 0 | AU53: 0 | AV53: 0 | AW53: 0 | AX53: 0 | AY53: 0 | AZ53: 0 | BA53: 0 | BB53: 0 | BC53: 0 | BD53: 0 | BE53: 0 | BF53: 0 | BG53: 0 | BH53: 0 | BI53: 0 | BJ53: 0 | BK53: 0 | BL53: 0 | BM53: 0 | BN53: 0
A54: =+A53+1 -> 48 | B54: Oilaga tarbiya (patronat)ga olingan bolalar | C54: =SUM(D54:BN54) -> 0 | D54: 0 | E54: 0 | F54: 0 | G54: 0 | H54: 0 | I54: 0 | J54: 0 | K54: 0 | L54: 0 | M54: 0 | N54: 0 | O54: 0 | P54: 0 | Q54: 0 | R54: 0 | S54: 0 | T54: 0 | U54: 0 | V54: 0 | W54: 0 | X54: 0 | Y54: 0 | Z54: 0 | AA54: 0 | AB54: 0 | AC54: 0 | AD54: 0 | AE54: 0 | AF54: 0 | AG54: 0 | AH54: 0 | AI54: 0 | AJ54: 0 | AK54: 0 | AL54: 0 | AM54: 0 | AN54: 0 | AO54: 0 | AP54: 0 | AQ54: 0 | AR54: 0 | AS54: 0 | AT54: 0 | AU54: 0 | AV54: 0 | AW54: 0 | AX54: 0 | AY54: 0 | AZ54: 0 | BA54: 0 | BB54: 0 | BC54: 0 | BD54: 0 | BE54: 0 | BF54: 0 | BG54: 0 | BH54: 0 | BI54: 0 | BJ54: 0 | BK54: 0 | BL54: 0 | BM54: 0 | BN54: 0
A55: =+A54+1 -> 49 | B55: Oilaviy bolalar uyiga berilgan bolalar | C55: =SUM(D55:BN55) -> 0 | D55: 0 | E55: 0 | F55: 0 | G55: 0 | H55: 0 | I55: 0 | J55: 0 | K55: 0 | L55: 0 | M55: 0 | N55: 0 | O55: 0 | P55: 0 | Q55: 0 | R55: 0 | S55: 0 | T55: 0 | U55: 0 | V55: 0 | W55: 0 | X55: 0 | Y55: 0 | Z55: 0 | AA55: 0 | AB55: 0 | AC55: 0 | AD55: 0 | AE55: 0 | AF55: 0 | AG55: 0 | AH55: 0 | AI55: 0 | AJ55: 0 | AK55: 0 | AL55: 0 | AM55: 0 | AN55: 0 | AO55: 0 | AP55: 0 | AQ55: 0 | AR55: 0 | AS55: 0 | AT55: 0 | AU55: 0 | AV55: 0 | AW55: 0 | AX55: 0 | AY55: 0 | AZ55: 0 | BA55: 0 | BB55: 0 | BC55: 0 | BD55: 0 | BE55: 0 | BF55: 0 | BG55: 0 | BH55: 0 | BI55: 0 | BJ55: 0 | BK55: 0 | BL55: 0 | BM55: 0 | BN55: 0
A56: =+A55+1 -> 50 | B56: Nogironligi bor fuqarolar (1, 2, 3 - guruh) | C56: =SUM(D56:BN56) -> 554 | D56: =SUM(D57:D59) -> 8 | E56: =SUM(E57:E59) -> 4 | F56: =SUM(F57:F59) -> 10 | G56: =SUM(G57:G59) -> 8 | H56: =SUM(H57:H59) -> 8 | I56: =SUM(I57:I59) -> 6 | J56: =SUM(J57:J59) -> 2 | K56: =SUM(K57:K59) -> 10 | ... BN56: =SUM(BN57:BN59) -> 3
A57: =+A56+1 -> 51 | B57: 1-guruh | C57: =SUM(D57:BN57) -> 53 | D57: 0 | E57: 0 | F57: 0 | G57: 0 | H57: 1 | I57: 0 | J57: 0 | K57: 3 | L57: 3 | M57: 0 | N57: 1 | O57: 0 | P57: 0 | Q57: 2 | R57: 1 | S57: 5 | T57: 2 | U57: 0 | V57: 0 | W57: 2 | X57: 0 | Y57: 0 | Z57: 0 | AA57: 0 | AB57: 2 | AC57: 0 | AD57: 1 | AE57: 1 | AF57: 0 | AG57: 1 | AH57: 1 | AI57: 1 | AJ57: 1 | AK57: 1 | AL57: 0 | AM57: 0 | AN57: 0 | AO57: 1 | AP57: 4 | AQ57: 2 | AR57: 0 | AS57: 2 | AT57: 0 | AU57: 0 | AV57: 0 | AW57: 0 | AX57: 1 | AY57: 1 | AZ57: 0 | BA57: 0 | BB57: 0 | BC57: 0 | BD57: 0 | BE57: 2 | BF57: 2 | BG57: 2 | BH57: 2 | BI57: 2 | BJ57: 1 | BK57: 2 | BL57: 0 | BM57: 0 | BN57: 0
A58: =+A57+1 -> 52 | B58: 2-guruh | C58: =SUM(D58:BN58) -> 213 | D58: 4 | E58: 2 | F58: 5 | G58: 4 | H58: 3 | I58: 3 | J58: 1 | K58: 2 | L58: 3 | M58: 0 | N58: 2 | O58: 4 | P58: 1 | Q58: 5 | R58: 3 | S58: 11 | T58: 7 | U58: 0 | V58: 1 | W58: 5 | X58: 1 | Y58: 5 | Z58: 8 | AA58: 2 | AB58: 2 | AC58: 0 | AD58: 1 | AE58: 3 | AF58: 7 | AG58: 3 | AH58: 4 | AI58: 4 | AJ58: 2 | AK58: 5 | AL58: 1 | AM58: 3 | AN58: 11 | AO58: 1 | AP58: 2 | AQ58: 5 | AR58: 3 | AS58: 2 | AT58: 5 | AU58: 2 | AV58: 2 | AW58: 0 | AX58: 4 | AY58: 9 | AZ58: 0 | BA58: 1 | BB58: 2 | BC58: 9 | BD58: 3 | BE58: 7 | BF58: 4 | BG58: 7 | BH58: 1 | BI58: 6 | BJ58: 1 | BK58: 8 | BL58: 0 | BM58: 1 | BN58: 0
A59: =+A58+1 -> 53 | B59: 3-guruh | C59: =SUM(D59:BN59) -> 288 | D59: 4 | E59: 2 | F59: 5 | G59: 4 | H59: 4 | I59: 3 | J59: 1 | K59: 5 | L59: 6 | M59: 2 | N59: 3 | O59: 4 | P59: 1 | Q59: 7 | R59: 4 | S59: 16 | T59: 9 | U59: 3 | V59: 1 | W59: 7 | X59: 1 | Y59: 5 | Z59: 8 | AA59: 2 | AB59: 4 | AC59: 3 | AD59: 2 | AE59: 4 | AF59: 7 | AG59: 4 | AH59: 5 | AI59: 5 | AJ59: 3 | AK59: 6 | AL59: 1 | AM59: 3 | AN59: 11 | AO59: 2 | AP59: 6 | AQ59: 7 | AR59: 3 | AS59: 4 | AT59: 5 | AU59: 2 | AV59: 2 | AW59: 5 | AX59: 5 | AY59: 10 | AZ59: 4 | BA59: 1 | BB59: 2 | BC59: 9 | BD59: 3 | BE59: 9 | BF59: 6 | BG59: 9 | BH59: 3 | BI59: 8 | BJ59: 2 | BK59: 10 | BL59: 2 | BM59: 1 | BN59: 3
A60: 54 | B60: “Ayollar daftari”ga kiritilgan xotin-qizlar | C60: =SUM(D60:BN60) -> 944 | D60: 12 | E60: 15 | F60: 10 | G60: 12 | H60: 11 | I60: 12 | J60: 13 | K60: 17 | L60: 12 | M60: 17 | N60: 19 | O60: 14 | P60: 14 | Q60: 15 | R60: 18 | S60: 15 | T60: 14 | U60: 13 | V60: 19 | W60: 18 | X60: 10 | Y60: 21 | Z60: 15 | AA60: 16 | AB60: 13 | AC60: 14 | AD60: 13 | AE60: 16 | AF60: 19 | AG60: 18 | AH60: 19 | AI60: 18 | AJ60: 16 | AK60: 11 | AL60: 16 | AM60: 12 | AN60: 17 | AO60: 13 | AP60: 19 | AQ60: 13 | AR60: 14 | AS60: 18 | AT60: 12 | AU60: 10 | AV60: 9 | AW60: 8 | AX60: 14 | AY60: 11 | AZ60: 18 | BA60: 11 | BB60: 18 | BC60: 16 | BD60: 17 | BE60: 18 | BF60: 17 | BG60: 19 | BH60: 13 | BI60: 17 | BJ60: 20 | BK60: 19 | BL60: 14 | BM60: 18 | BN60: 14
A61: =+A60+1 -> 55 | B61: “Yoshlar daftari”ga kiritilgan yoshlar | C61: =SUM(D61:BN61) -> 286 | D61: 6 | E61: 2 | F61: 4 | G61: 2 | H61: 3 | I61: 10 | J61: 10 | K61: 7 | L61: 6 | M61: 4 | N61: 8 | O61: 15 | P61: 3 | Q61: 5 | R61: 2 | S61: 2 | T61: 4 | U61: 1 | V61: 2 | W61: 3 | X61: 7 | Y61: 2 | Z61: 2 | AA61: 0 | AB61: 2 | AC61: 0 | AD61: 3 | AE61: 16 | AF61: 0 | AG61: 7 | AH61: 2 | AI61: 9 | AJ61: 6 | AK61: 2 | AL61: 3 | AM61: 2 | AN61: 0 | AO61: 3 | AP61: 0 | AQ61: 2 | AR61: 0 | AS61: 9 | AT61: 1 | AU61: 4 | AV61: 1 | AW61: 9 | AX61: 2 | AY61: 9 | AZ61: 11 | BA61: 1 | BB61: 3 | BC61: 3 | BD61: 8 | BE61: 1 | BF61: 3 | BG61: 8 | BH61: 18 | BI61: 9 | BJ61: 9 | BK61: 1 | BL61: 9 | BM61: 0 | BN61: 0
A62: 56 | B62: Jami ehtiyojmand "Unikal" oilalar soni (ikkita reyestrga ham kiritilgan) | C62: =SUM(D62:BN62) -> 2148 | D62: 81 | E62: 18 | F62: 42 | G62: 52 | H62: 26 | I62: 52 | J62: 13 | K62: 36 | L62: 63 | M62: 12 | N62: 24 | O62: 26 | P62: 12 | Q62: 37 | R62: 29 | S62: 66 | T62: 39 | U62: 12 | V62: 7 | W62: 41 | X62: 20 | Y62: 27 | Z62: 44 | AA62: 27 | AB62: 37 | AC62: 13 | AD62: 59 | AE62: 11 | AF62: 92 | AG62: 30 | AH62: 24 | AI62: 38 | AJ62: 19 | AK62: 45 | AL62: 27 | AM62: 20 | AN62: 33 | AO62: 10 | AP62: 56 | AQ62: 44 | AR62: 58 | AS62: 99 | AT62: 24 | AU62: 4 | AV62: 27 | AW62: 18 | AX62: 37 | AY62: 60 | AZ62: 4 | BA62: 48 | BB62: 31 | BC62: 49 | BD62: 29 | BE62: 36 | BF62: 23 | BG62: 44 | BH62: 21 | BI62: 55 | BJ62: 37 | BK62: 32 | BL62: 16 | BM62: 22 | BN62: 10
A63: 57 | B63: Ehtiyojmand "Unikal" oilalardagi oila a’zolari soni | C63: =SUM(D63:BN63) -> 8936 | D63: 348 | E63: 69 | F63: 182 | G63: 220 | H63: 103 | I63: 256 | J63: 49 | K63: 136 | L63: 285 | M63: 57 | N63: 109 | O63: 100 | P63: 40 | Q63: 133 | R63: 123 | S63: 295 | T63: 150 | U63: 40 | V63: 31 | W63: 174 | X63: 83 | Y63: 81 | Z63: 178 | AA63: 122 | AB63: 172 | AC63: 67 | AD63: 260 | AE63: 43 | AF63: 376 | AG63: 129 | AH63: 96 | AI63: 177 | AJ63: 68 | AK63: 172 | AL63: 109 | AM63: 60 | AN63: 120 | AO63: 50 | AP63: 216 | AQ63: 183 | AR63: 277 | AS63: 454 | AT63: 90 | AU63: 18 | AV63: 118 | AW63: 81 | AX63: 153 | AY63: 217 | AZ63: 14 | BA63: 188 | BB63: 124 | BC63: 207 | BD63: 129 | BE63: 151 | BF63: 98 | BG63: 179 | BH63: 78 | BI63: 223 | BJ63: 166 | BK63: 117 | BL63: 60 | BM63: 87 | BN63: 45
A64: 58 | B64: Jami reyestrlardagi oilalar soni (a+b) | C64: =SUM(D64:BN64) -> 2148 | D64: =+D66+D68 -> 81 | E64: =+E66+E68 -> 18 | F64: =+F66+F68 -> 42 | G64: =+G66+G68 -> 52 | H64: =+H66+H68 -> 26 | I64: =+I66+I68 -> 52 | J64: =+J66+J68 -> 13 | K64: =+K66+K68 -> 36 | ... BN64: =+BN66+BN68 -> 10
A65: =+A64+1 -> 59 | B65: Reyestrlardagi oila a’zolari soni (a1+v1) | C65: =SUM(D65:BN65) -> 8936 | D65: =+D67+D69 -> 348 | E65: =+E67+E69 -> 69 | F65: =+F67+F69 -> 182 | G65: =+G67+G69 -> 220 | H65: =+H67+H69 -> 103 | I65: =+I67+I69 -> 256 | J65: =+J67+J69 -> 49 | K65: =+K67+K69 -> 136 | ... BN65: =+BN67+BN69 -> 45
A66: =+A65+1 -> 60 | B66: a) "Ijtimoiy himoya yagona reyestri"dagi oilalar soni | C66: =SUM(D66:BN66) -> 1474 | D66: 56 | E66: 12 | F66: 29 | G66: 36 | H66: 18 | I66: 36 | J66: 9 | K66: 25 | L66: 44 | M66: 8 | N66: 16 | O66: 18 | P66: 8 | Q66: 25 | R66: 20 | S66: 46 | T66: 27 | U66: 8 | V66: 4 | W66: 28 | X66: 14 | Y66: 18 | Z66: 30 | AA66: 18 | AB66: 25 | AC66: 9 | AD66: 41 | AE66: 7 | AF66: 64 | AG66: 21 | AH66: 16 | AI66: 26 | AJ66: 13 | AK66: 31 | AL66: 18 | AM66: 14 | AN66: 23 | AO66: 7 | AP66: 39 | AQ66: 30 | AR66: 40 | AS66: 69 | AT66: 16 | AU66: 2 | AV66: 18 | AW66: 12 | AX66: 25 | AY66: 42 | AZ66: 2 | BA66: 33 | BB66: 21 | BC66: 34 | BD66: 20 | BE66: 25 | BF66: 16 | BG66: 30 | BH66: 14 | BI66: 38 | BJ66: 25 | BK66: 22 | BL66: 11 | BM66: 15 | BN66: 7
A67: =+A66+1 -> 61 | B67: a1) "Ijtimoiy himoya yagona reyestri"dagi oila a’zolari soni | C67: =SUM(D67:BN67) -> 6230 | D67: 243 | E67: 48 | F67: 127 | G67: 154 | H67: 72 | I67: 179 | J67: 34 | K67: 95 | L67: 199 | M67: 39 | N67: 76 | O67: 70 | P67: 28 | Q67: 93 | R67: 86 | S67: 206 | T67: 105 | U67: 28 | V67: 21 | W67: 121 | X67: 58 | Y67: 56 | Z67: 124 | AA67: 85 | AB67: 120 | AC67: 46 | AD67: 182 | AE67: 30 | AF67: 263 | AG67: 90 | AH67: 67 | AI67: 123 | AJ67: 47 | AK67: 120 | AL67: 76 | AM67: 42 | AN67: 84 | AO67: 35 | AP67: 151 | AQ67: 128 | AR67: 193 | AS67: 317 | AT67: 63 | AU67: 12 | AV67: 82 | AW67: 56 | AX67: 107 | AY67: 151 | AZ67: 9 | BA67: 131 | BB67: 86 | BC67: 144 | BD67: 90 | BE67: 105 | BF67: 68 | BG67: 125 | BH67: 54 | BI67: 156 | BJ67: 116 | BK67: 81 | BL67: 42 | BM67: 60 | BN67: 31
A68: =+A67+1 -> 62 | B68: b) "Kambag‘al oilalar reyestri"dagi oilalar soni | C68: =SUM(D68:BN68) -> 674 | D68: 25 | E68: 6 | F68: 13 | G68: 16 | H68: 8 | I68: 16 | J68: 4 | K68: 11 | L68: 19 | M68: 4 | N68: 8 | O68: 8 | P68: 4 | Q68: 12 | R68: 9 | S68: 20 | T68: 12 | U68: 4 | V68: 3 | W68: 13 | X68: 6 | Y68: 9 | Z68: 14 | AA68: 9 | AB68: 12 | AC68: 4 | AD68: 18 | AE68: 4 | AF68: 28 | AG68: 9 | AH68: 8 | AI68: 12 | AJ68: 6 | AK68: 14 | AL68: 9 | AM68: 6 | AN68: 10 | AO68: 3 | AP68: 17 | AQ68: 14 | AR68: 18 | AS68: 30 | AT68: 8 | AU68: 2 | AV68: 9 | AW68: 6 | AX68: 12 | AY68: 18 | AZ68: 2 | BA68: 15 | BB68: 10 | BC68: 15 | BD68: 9 | BE68: 11 | BF68: 7 | BG68: 14 | BH68: 7 | BI68: 17 | BJ68: 12 | BK68: 10 | BL68: 5 | BM68: 7 | BN68: 3
A69: =+A68+1 -> 63 | B69: v1) "Kambag‘al oilalar reyestri"dagi oila a’zolari soni | C69: =SUM(D69:BN69) -> 2706 | D69: 105 | E69: 21 | F69: 55 | G69: 66 | H69: 31 | I69: 77 | J69: 15 | K69: 41 | L69: 86 | M69: 18 | N69: 33 | O69: 30 | P69: 12 | Q69: 40 | R69: 37 | S69: 89 | T69: 45 | U69: 12 | V69: 10 | W69: 53 | X69: 25 | Y69: 25 | Z69: 54 | AA69: 37 | AB69: 52 | AC69: 21 | AD69: 78 | AE69: 13 | AF69: 113 | AG69: 39 | AH69: 29 | AI69: 54 | AJ69: 21 | AK69: 52 | AL69: 33 | AM69: 18 | AN69: 36 | AO69: 15 | AP69: 65 | AQ69: 55 | AR69: 84 | AS69: 137 | AT69: 27 | AU69: 6 | AV69: 36 | AW69: 25 | AX69: 46 | AY69: 66 | AZ69: 5 | BA69: 57 | BB69: 38 | BC69: 63 | BD69: 39 | BE69: 46 | BF69: 30 | BG69: 54 | BH69: 24 | BI69: 67 | BJ69: 50 | BK69: 36 | BL69: 18 | BM69: 27 | BN69: 14
A70: =+A69+1 -> 64 | B70: Ikkinchi jahon urushi qatnashchilari | C70: =SUM(D70:BN70) -> 15 | D70: 0 | E70: 0 | F70: 0 | G70: 0 | H70: 0 | I70: 0 | J70: 0 | K70: 0 | L70: 0 | M70: 0 | N70: 0 | O70: 0 | P70: 0 | Q70: =+S70 -> 0 | R70: 0 | S70: 0 | T70: 0 | U70: 0 | V70: 0 | W70: 0 | X70: 0 | Y70: 6 | Z70: 1 | AA70: 0 | AB70: 0 | AC70: 0 | AD70: 1 | AE70: 0 | AF70: 0 | AG70: 0 | AH70: 6 | AI70: 0 | AJ70: 0 | AK70: 0 | AL70: 0 | AM70: 0 | AN70: 0 | AO70: 0 | AP70: 0 | AQ70: 1 | AR70: 0 | AS70: 0 | AT70: 0 | AU70: 0 | AV70: 0 | AW70: 0 | AX70: 0 | AY70: 0 | AZ70: 0 | BA70: 0 | BB70: 0 | BC70: 0 | BD70: 0 | BE70: 0 | BF70: 0 | BG70: 0 | BH70: 0 | BI70: 0 | BJ70: 0 | BK70: 0 | BL70: 0 | BM70: 0 | BN70: 0
A71: =+A70+1 -> 65 | B71: Ikkinchi jahon urushi davrida front ortida qatnashgan hamda ularga tenglashtirilgan fuqarolar | C71: =SUM(D71:BN71) -> 36 | D71: 0 | E71: 2 | F71: 2 | G71: 0 | H71: 0 | I71: 0 | J71: 2 | K71: 2 | L71: 0 | M71: 0 | N71: 0 | O71: 0 | P71: 0 | Q71: =+S71 -> 0 | R71: 0 | S71: 0 | T71: 2 | U71: 1 | V71: 0 | W71: 0 | X71: 0 | Y71: 3 | Z71: 3 | AA71: 4 | AB71: 0 | AC71: 0 | AD71: 0 | AE71: 0 | AF71: 0 | AG71: 2 | AH71: 0 | AI71: 0 | AJ71: 0 | AK71: 0 | AL71: 2 | AM71: 0 | AN71: 1 | AO71: 0 | AP71: 1 | AQ71: 2 | AR71: 2 | AS71: 0 | AT71: 2 | AU71: 0 | AV71: 0 | AW71: 0 | AX71: 0 | AY71: 0 | AZ71: 0 | BA71: 0 | BB71: 0 | BC71: 0 | BD71: 0 | BE71: 0 | BF71: 0 | BG71: 3 | BH71: 0 | BI71: 0 | BJ71: 0 | BK71: 0 | BL71: 0 | BM71: 0 | BN71: 0
A72: =+A71+1 -> 66 | B72: Baynalminal jangchilar va Chernobil AES halokatini bartaraf etishda ishtirok etganlar | C72: =SUM(D72:BN72) -> 97 | D72: 2 | E72: 1 | F72: 1 | G72: 0 | H72: 0 | I72: 2 | J72: 0 | K72: 3 | L72: 0 | M72: 1 | N72: 2 | O72: 0 | P72: 1 | Q72: =+S72 -> 3 | R72: 0 | S72: 3 | T72: 3 | U72: 1 | V72: 2 | W72: 0 | X72: 4 | Y72: 3 | Z72: 3 | AA72: 0 | AB72: 1 | AC72: 0 | AD72: 2 | AE72: 0 | AF72: 0 | AG72: 0 | AH72: 3 | AI72: 5 | AJ72: 6 | AK72: 0 | AL72: 6 | AM72: 0 | AN72: 3 | AO72: 0 | AP72: 3 | AQ72: 9 | AR72: 3 | AS72: 3 | AT72: 6 | AU72: 0 | AV72: 0 | AW72: 3 | AX72: 2 | AY72: 2 | AZ72: 0 | BA72: 0 | BB72: 0 | BC72: 0 | BD72: 0 | BE72: 0 | BF72: 0 | BG72: 0 | BH72: 0 | BI72: 2 | BJ72: 0 | BK72: 2 | BL72: 0 | BM72: 0 | BN72: 1
A73: V. Aholi bandligi (soni) | C73: =SUBTOTAL(9,D73:BN73) -> 0
A74: =+A72+1 -> 67 | B74: Ishsizlar | C74: =SUM(D74:BN74) -> 634 | D74: 12 | E74: 10 | F74: 11 | G74: 9 | H74: 9 | I74: 12 | J74: 9 | K74: 10 | L74: 14 | M74: 9 | N74: 9 | O74: 11 | P74: 9 | Q74: 13 | R74: 11 | S74: 11 | T74: 9 | U74: 10 | V74: 12 | W74: 6 | X74: 12 | Y74: 9 | Z74: 11 | AA74: 8 | AB74: 9 | AC74: 11 | AD74: 9 | AE74: 11 | AF74: 10 | AG74: 9 | AH74: 9 | AI74: 10 | AJ74: 8 | AK74: 8 | AL74: 8 | AM74: 10 | AN74: 10 | AO74: 10 | AP74: 10 | AQ74: 12 | AR74: 7 | AS74: 10 | AT74: 9 | AU74: 11 | AV74: 12 | AW74: 12 | AX74: 10 | AY74: 14 | AZ74: 9 | BA74: 8 | BB74: 10 | BC74: 12 | BD74: 11 | BE74: 11 | BF74: 10 | BG74: 9 | BH74: 11 | BI74: 10 | BJ74: 11 | BK74: 9 | BL74: 11 | BM74: 8 | BN74: 9
A75: =+A74+1 -> 68 | B75: ishsiz yoshlar | C75: =SUM(D75:BN75) -> 27 | D75: 0 | E75: 0 | F75: 0 | G75: 7 | H75: 0 | I75: 2 | J75: 0 | K75: 0 | L75: 1 | M75: 0 | N75: 0 | O75: 0 | P75: 0 | Q75: 2 | R75: 0 | S75: 0 | T75: 0 | U75: 0 | V75: 0 | W75: 5 | X75: 0 | Y75: 0 | Z75: 0 | AA75: 0 | AB75: 0 | AC75: 0 | AD75: 0 | AE75: 0 | AF75: 0 | AG75: 2 | AH75: 0 | AI75: 0 | AJ75: 0 | AK75: 0 | AL75: 1 | AM75: 0 | AN75: 0 | AO75: 0 | AP75: 0 | AQ75: 1 | AR75: 0 | AS75: 0 | AT75: 0 | AU75: 0 | AV75: 0 | AW75: 0 | AX75: 0 | AY75: 0 | AZ75: 0 | BA75: 0 | BB75: 0 | BC75: 0 | BD75: 0 | BE75: 0 | BF75: 1 | BG75: 1 | BH75: 0 | BI75: 0 | BJ75: 0 | BK75: 0 | BL75: 0 | BM75: 2 | BN75: 2
A76: =+A75+1 -> 69 | B76: ishsiz xotin-qizlar | C76: =SUM(D76:BN76) -> 607 | D76: 12 | E76: 10 | F76: 11 | G76: 2 | H76: 9 | I76: 10 | J76: 9 | K76: 10 | L76: 13 | M76: 9 | N76: 9 | O76: 11 | P76: 9 | Q76: 11 | R76: 11 | S76: 11 | T76: 9 | U76: 10 | V76: 12 | W76: 1 | X76: 12 | Y76: 9 | Z76: 11 | AA76: 8 | AB76: 9 | AC76: 11 | AD76: 9 | AE76: 11 | AF76: 10 | AG76: 7 | AH76: 9 | AI76: 10 | AJ76: 8 | AK76: 8 | AL76: 7 | AM76: 10 | AN76: 10 | AO76: 10 | AP76: 10 | AQ76: 11 | AR76: 7 | AS76: 10 | AT76: 9 | AU76: 11 | AV76: 12 | AW76: 12 | AX76: 10 | AY76: 14 | AZ76: 9 | BA76: 8 | BB76: 10 | BC76: 12 | BD76: 11 | BE76: 11 | BF76: 9 | BG76: 8 | BH76: 11 | BI76: 10 | BJ76: 11 | BK76: 9 | BL76: 11 | BM76: 6 | BN76: 7
A77: =+A76+1 -> 70 | B77: rasman “ishsiz” (bandlik bo‘limlarida “ishsizlik” nafaqasi olayotganlar) | C77: =SUM(D77:BN77) -> 0 | D77: 0 | E77: 0 | F77: 0 | G77: 0 | H77: 0 | I77: 0 | J77: 0 | K77: 0 | L77: 0 | M77: 0 | N77: 0 | O77: 0 | P77: 0 | Q77: 0 | R77: 0 | S77: 0 | T77: 0 | U77: 0 | V77: 0 | W77: 0 | X77: 0 | Y77: 0 | Z77: 0 | AA77: 0 | AB77: 0 | AC77: 0 | AD77: 0 | AE77: 0 | AF77: 0 | AG77: 0 | AH77: 0 | AI77: 0 | AJ77: 0 | AK77: 0 | AL77: 0 | AM77: 0 | AN77: 0 | AO77: 0 | AP77: 0 | AQ77: 0 | AR77: 0 | AS77: 0 | AT77: 0 | AU77: 0 | AV77: 0 | AW77: 0 | AX77: 0 | AY77: 0 | AZ77: 0 | BA77: 0 | BB77: 0 | BC77: 0 | BD77: 0 | BE77: 0 | BF77: 0 | BG77: 0 | BH77: 0 | BI77: 0 | BJ77: 0 | BK77: 0 | BL77: 0 | BM77: 0 | BN77: 0
A78: =+A77+1 -> 71 | B78: Mehnat migrantlari soni, shundan | C78: =SUM(D78:BN78) -> 615 | D78: 9 | E78: 8 | F78: 15 | G78: 5 | H78: 5 | I78: 12 | J78: 4 | K78: 14 | L78: 14 | M78: 6 | N78: 5 | O78: 4 | P78: 2 | Q78: 15 | R78: 6 | S78: 4 | T78: 10 | U78: 9 | V78: 7 | W78: 5 | X78: 12 | Y78: 7 | Z78: 11 | AA78: 12 | AB78: 10 | AC78: 13 | AD78: 6 | AE78: 9 | AF78: 4 | AG78: 8 | AH78: 14 | AI78: 15 | AJ78: 10 | AK78: 13 | AL78: 20 | AM78: 11 | AN78: 10 | AO78: 8 | AP78: 15 | AQ78: 18 | AR78: 8 | AS78: 17 | AT78: 19 | AU78: 20 | AV78: 16 | AW78: 17 | AX78: 7 | AY78: 14 | AZ78: 7 | BA78: 3 | BB78: 3 | BC78: 16 | BD78: 12 | BE78: 10 | BF78: 7 | BG78: 9 | BH78: 11 | BI78: 14 | BJ78: 11 | BK78: 1 | BL78: 4 | BM78: 2 | BN78: 2
A79: =+A78+1 -> 72 | B79: mehnat migratsiyasiga ketgan yoshlar | C79: =SUM(D79:BN79) -> 147 | D79: 0 | E79: 4 | F79: 2 | G79: 0 | H79: 4 | I79: 2 | J79: 2 | K79: 2 | L79: 3 | M79: 3 | N79: 0 | O79: 4 | P79: 0 | Q79: 2 | R79: 5 | S79: 0 | T79: 2 | U79: 1 | V79: 3 | W79: 3 | X79: 2 | Y79: 0 | Z79: 1 | AA79: 0 | AB79: 1 | AC79: 2 | AD79: 3 | AE79: 4 | AF79: 4 | AG79: 6 | AH79: 6 | AI79: 5 | AJ79: 6 | AK79: 7 | AL79: 2 | AM79: 4 | AN79: 2 | AO79: 2 | AP79: 3 | AQ79: 1 | AR79: 1 | AS79: 2 | AT79: 3 | AU79: 12 | AV79: 0 | AW79: 1 | AX79: 5 | AY79: 0 | AZ79: 3 | BA79: 0 | BB79: 0 | BC79: 2 | BD79: 1 | BE79: 4 | BF79: 0 | BG79: 2 | BH79: 0 | BI79: 1 | BJ79: 0 | BK79: 0 | BL79: 4 | BM79: 1 | BN79: 2
A80: =+A79+1 -> 73 | B80: mehnat migratsiyasiga ketgan xotin-qizlar | C80: =SUM(D80:BN80) -> 468 | D80: 9 | E80: 4 | F80: 13 | G80: 5 | H80: 1 | I80: 10 | J80: =+J78-J79 -> 2 | K80: 12 | L80: 11 | M80: 3 | N80: 5 | O80: 0 | P80: 2 | Q80: 13 | R80: 1 | S80: 4 | T80: 8 | U80: 8 | V80: 4 | W80: 2 | X80: 10 | Y80: 7 | Z80: 10 | AA80: 12 | AB80: 9 | AC80: 11 | AD80: 3 | AE80: 5 | AF80: 0 | AG80: 2 | AH80: 8 | AI80: 10 | AJ80: 4 | AK80: 6 | AL80: 18 | AM80: 7 | AN80: 8 | AO80: 6 | AP80: 12 | AQ80: 17 | AR80: 7 | AS80: 15 | AT80: 16 | AU80: 8 | AV80: 16 | AW80: 16 | AX80: 2 | AY80: 14 | AZ80: 4 | BA80: 3 | BB80: 3 | BC80: 14 | BD80: 11 | BE80: 6 | BF80: 7 | BG80: 7 | BH80: 11 | BI80: 13 | BJ80: 11 | BK80: 1 | BL80: 0 | BM80: 1 | BN80: 0
A81: =+A80+1 -> 74 | B81: Mehnat migratsiyasidan qaytganlar (so‘ngi bir yilda) | C81: =SUM(D81:BN81) -> 74 | D81: 2 | E81: 1 | F81: 2 | G81: 0 | H81: 1 | I81: 2 | J81: 2 | K81: 1 | L81: 0 | M81: 1 | N81: 1 | O81: 0 | P81: 1 | Q81: 0 | R81: 1 | S81: 0 | T81: 1 | U81: 0 | V81: 3 | W81: 0 | X81: 0 | Y81: 1 | Z81: 0 | AA81: 1 | AB81: 1 | AC81: 1 | AD81: 0 | AE81: 1 | AF81: 0 | AG81: 1 | AH81: 1 | AI81: 0 | AJ81: 2 | AK81: 4 | AL81: 5 | AM81: 0 | AN81: 3 | AO81: 0 | AP81: 3 | AQ81: 0 | AR81: 2 | AS81: 2 | AT81: 3 | AU81: 2 | AV81: 5 | AW81: 1 | AX81: 2 | AY81: 0 | AZ81: 0 | BA81: 0 | BB81: 0 | BC81: 0 | BD81: 0 | BE81: 1 | BF81: 0 | BG81: 3 | BH81: 1 | BI81: 1 | BJ81: 0 | BK81: 2 | BL81: 1 | BM81: 4 | BN81: 1
A82: =+A81+1 -> 75 | B82: mehnat migratsiyasidan qaytgan yoshlar | C82: =SUM(D82:BN82) -> 22 | D82: 0 | E82: 0 | F82: 0 | G82: 0 | H82: 0 | I82: 1 | J82: 1 | K82: 0 | L82: 0 | M82: 0 | N82: 0 | O82: 0 | P82: 0 | Q82: 0 | R82: 0 | S82: 0 | T82: 1 | U82: 0 | V82: 2 | W82: 0 | X82: 0 | Y82: 0 | Z82: 0 | AA82: 0 | AB82: 0 | AC82: 1 | AD82: 0 | AE82: 1 | AF82: 0 | AG82: 1 | AH82: 0 | AI82: 0 | AJ82: 0 | AK82: 1 | AL82: 3 | AM82: 0 | AN82: 0 | AO82: 0 | AP82: 0 | AQ82: 0 | AR82: 1 | AS82: 0 | AT82: 0 | AU82: 0 | AV82: 4 | AW82: 0 | AX82: 0 | AY82: 0 | AZ82: 0 | BA82: 0 | BB82: 0 | BC82: 0 | BD82: 0 | BE82: 1 | BF82: 0 | BG82: 3 | BH82: 0 | BI82: 0 | BJ82: 0 | BK82: 0 | BL82: 0 | BM82: 1 | BN82: 0
A83: =+A82+1 -> 76 | B83: mehnat migratsiyasidan qaytgan xotin-qizlar | C83: =SUM(D83:BN83) -> 52 | D83: 2 | E83: 1 | F83: 2 | G83: 0 | H83: 1 | I83: 1 | J83: 1 | K83: 1 | L83: 0 | M83: 1 | N83: 1 | O83: 0 | P83: 1 | Q83: 0 | R83: 1 | S83: 0 | T83: 0 | U83: 0 | V83: 1 | W83: 0 | X83: 0 | Y83: 1 | Z83: 0 | AA83: 1 | AB83: 1 | AC83: 0 | AD83: 0 | AE83: 0 | AF83: 0 | AG83: 0 | AH83: 1 | AI83: 0 | AJ83: 2 | AK83: 3 | AL83: 2 | AM83: 0 | AN83: 3 | AO83: 0 | AP83: 3 | AQ83: 0 | AR83: 1 | AS83: 2 | AT83: 3 | AU83: 2 | AV83: 1 | AW83: 1 | AX83: 2 | AY83: 0 | AZ83: 0 | BA83: 0 | BB83: 0 | BC83: 0 | BD83: 0 | BE83: 0 | BF83: 0 | BG83: 0 | BH83: 1 | BI83: 1 | BJ83: 0 | BK83: 2 | BL83: 1 | BM83: 3 | BN83: 1
A84: VI. Ijtimoiy-ma’naviy muhitga salbiy ta’sir ko‘rsatuvchi holatlar (soni) | C84: =SUBTOTAL(9,D84:BN84) -> 304 | D84: =+D85+D87+D90+D91 -> 6 | E84: =+E85+E87+E90+E91 -> 5 | F84: =+F85+F87+F90+F91 -> 3 | G84: =+G85+G87+G90+G91 -> 3 | H84: =+H85+H87+H90+H91 -> 3 | I84: =+I85+I87+I90+I91 -> 7 | J84: =+J85+J87+J90+J91 -> 5 | K84: =+K85+K87+K90+K91 -> 5 | ... BN84: =+BN85+BN87+BN90+BN91 -> 5
A85: =+A83+1 -> 77 | B85: Ajrimlar soni (2025/2026) | C85: =SUM(D85:BN85) -> 113 | D85: =[1]Лист1!M158 -> 3 | E85: =[1]Лист1!N158 -> 3 | F85: =[1]Лист1!O158 -> 1 | G85: =[1]Лист1!P158 -> 1 | H85: =[1]Лист1!Q158 -> 1 | I85: 2 | J85: =[1]Лист1!S158 -> 0 | K85: =[1]Лист1!T158 -> 0 | L85: =[1]Лист1!U158 -> 0 | M85: =[1]Лист1!V158 -> 0 | N85: =[1]Лист1!W158 -> 2 | O85: 1 | P85: =[1]Лист1!Y158 -> 2 | Q85: =[1]Лист1!Z158 -> 2 | R85: =[1]Лист1!AA158 -> 2 | S85: =[1]Лист1!AB158 -> 2 | T85: =[1]Лист1!AC158 -> 0 | U85: =[1]Лист1!AD158 -> 0 | V85: =[1]Лист1!AE158 -> 3 | W85: =[1]Лист1!AF158 -> 3 | X85: 1 | Y85: =[1]Лист1!AH158 -> 3 | Z85: =[1]Лист1!AI158 -> 1 | AA85: 3 | AB85: =[1]Лист1!AK158 -> 5 | AC85: =[1]Лист1!AL158 -> 5 | AD85: =[1]Лист1!AM158 -> 2 | AE85: =[1]Лист1!AN158 -> 2 | AF85: =[1]Лист1!AO158 -> 0 | AG85: =[1]Лист1!AP158 -> 0 | AH85: =[1]Лист1!AQ158 -> 2 | AI85: =[1]Лист1!AR158 -> 2 | ... BN85: =[1]Лист1!BW158 -> 1
A86: =+A85+1 -> 78 | B86: ajrim bo‘lgan oilalardagi farzandlar soni | C86: =SUM(D86:BN86) -> 127 | D86: =[1]Лист1!M159 -> 2 | E86: =[1]Лист1!N159 -> 2 | F86: =[1]Лист1!O159 -> 0 | G86: =[1]Лист1!P159 -> 0 | H86: =[1]Лист1!Q159 -> 2 | I86: =[1]Лист1!R159 -> 2 | J86: =[1]Лист1!S159 -> 0 | K86: =[1]Лист1!T159 -> 0 | ... BN86: =[1]Лист1!BW159 -> 1
A87: =+A86+1 -> 79 | B87: Nizoli oilalar soni, shundan | C87: =SUM(D87:BN87) -> 126 | D87: =SUM(D88:D89) -> 2 | E87: =SUM(E88:E89) -> 2 | F87: =SUM(F88:F89) -> 2 | G87: =SUM(G88:G89) -> 2 | H87: =SUM(H88:H89) -> 2 | I87: =SUM(I88:I89) -> 2 | J87: =SUM(J88:J89) -> 5 | K87: =SUM(K88:K89) -> 5 | ... BN87: =SUM(BN88:BN89) -> 2
A88: =+A87+1 -> 80 | B88: ajrim yoqasida bo‘lgan oilalar | C88: =SUM(D88:BN88) -> 126 | D88: =[1]Лист1!M160 -> 2 | E88: =[1]Лист1!N160 -> 2 | F88: =[1]Лист1!O160 -> 2 | G88: =[1]Лист1!P160 -> 2 | H88: =[1]Лист1!Q160 -> 2 | I88: =[1]Лист1!R160 -> 2 | J88: =[1]Лист1!S160 -> 5 | K88: =[1]Лист1!T160 -> 5 | L88: 1 | M88: =[1]Лист1!V160 -> 5 | N88: 1 | O88: 1 | P88: =[1]Лист1!Y160 -> 2 | Q88: =[1]Лист1!Z160 -> 2 | R88: 2 | S88: 2 | T88: =[1]Лист1!AC160 -> 2 | U88: =[1]Лист1!AD160 -> 2 | V88: =[1]Лист1!AE160 -> 4 | W88: =[1]Лист1!AF160 -> 4 | X88: =[1]Лист1!AG160 -> 2 | Y88: =[1]Лист1!AH160 -> 2 | Z88: =[1]Лист1!AI160 -> 3 | AA88: =[1]Лист1!AJ160 -> 3 | ... AD88: =[1]Лист1!AM160 -> 2 | AE88: 1 | AF88: =[1]Лист1!AO160 -> 2 | AG88: =[1]Лист1!AP160 -> 2 | AH88: =[1]Лист1!AQ160 -> 2 | AI88: =[1]Лист1!AR160 -> 2 | AJ88: =[1]Лист1!AS160 -> 2 | AK88: 1 | AL88: =[1]Лист1!AU160 -> 2 | AM88: =[1]Лист1!AV160 -> 2 | AN88: =[1]Лист1!AW160 -> 2 | AO88: 2 | AP88: =[1]Лист1!AY160 -> 3 | AQ88: =[1]Лист1!AZ160 -> 3 | AR88: =[1]Лист1!BA160 -> 2 | AS88: =[1]Лист1!BB160 -> 2 | AT88: =[1]Лист1!BC160 -> 0 | AU88: =[1]Лист1!BD160 -> 0 | AV88: =[1]Лист1!BE160 -> 1 | AW88: =[1]Лист1!BF160 -> 1 | ... BN88: =[1]Лист1!BW160 -> 2
A89: =+A88+1 -> 81 | B89: muntazam janjal bo‘ladigan oilalar | C89: =SUM(D89:BN89) -> 0 | D89: 0 | E89: 0 | F89: 0 | G89: 0 | H89: 0 | I89: 0 | J89: 0 | K89: 0 | L89: 0 | M89: 0 | N89: 0 | O89: 0 | P89: 0 | Q89: 0 | R89: 0 | S89: 0 | T89: 0 | U89: 0 | V89: 0 | W89: 0 | X89: 0 | Y89: 0 | Z89: 0 | AA89: 0 | AB89: 0 | AC89: 0 | AD89: 0 | AE89: 0 | AF89: 0 | AG89: 0 | AH89: 0 | AI89: 0 | AJ89: 0 | AK89: 0 | AL89: 0 | AM89: 0 | AN89: 0 | AO89: 0 | AP89: 0 | AQ89: 0 | AR89: 0 | AS89: 0 | AT89: 0 | AU89: 0 | AV89: 0 | AW89: 0 | AX89: 0 | AY89: 0 | AZ89: 0 | BA89: 0 | BB89: 0 | BC89: 0 | BD89: 0 | BE89: 0 | BF89: 0 | BG89: 0 | BH89: 0 | BI89: 0 | BJ89: 0 | BK89: 0 | BL89: 0 | BM89: 0 | BN89: 0
A90: =+A89+1 -> 82 | B90: Noqobil oilalar (voyaga yetmagan bolalarini tarbiyalash va ularga ta’lim berish borasidagi majburiyatlarini bajarmaydigan oilalar) | C90: =SUM(D90:BN90) -> 9 | D90: 1 | E90: 0 | F90: 0 | G90: 0 | H90: 0 | I90: 2 | J90: 0 | K90: 0 | L90: 0 | M90: 0 | N90: 0 | O90: 0 | P90: 0 | Q90: =+S90 -> 0 | R90: 1 | S90: 0 | T90: 0 | U90: 0 | V90: 0 | W90: 0 | X90: 1 | Y90: 0 | Z90: 0 | AA90: 0 | AB90: 1 | AC90: 0 | AD90: 0 | AE90: 0 | AF90: 0 | AG90: 0 | AH90: 0 | AI90: 1 | AJ90: 0 | AK90: 1 | AL90: 0 | AM90: 0 | AN90: 0 | AO90: 0 | AP90: 0 | AQ90: 1 | AR90: 0 | AS90: 0 | AT90: 0 | AU90: 0 | AV90: 0 | AW90: 0 | AX90: 0 | AY90: 0 | AZ90: 0 | BA90: 0 | BB90: 0 | BC90: 0 | BD90: 0 | BE90: 0 | BF90: 0 | BG90: 0 | BH90: 0 | BI90: 0 | BJ90: 0 | BK90: 0 | BL90: 0 | BM90: 0 | BN90: 0
A91: =+A90+1 -> 83 | B91: Mahalla hududida sodir etilgan jinoyatlar (2025/2026) | C91: =SUM(D91:BN91) -> 56 | D91: =[1]Лист1!M173 -> 0 | E91: =[1]Лист1!N173 -> 0 | F91: =[1]Лист1!O173 -> 0 | G91: =[1]Лист1!P173 -> 0 | H91: =[1]Лист1!Q173 -> 0 | I91: 1 | J91: =[1]Лист1!S173 -> 0 | K91: =[1]Лист1!T173 -> 0 | L91: 2 | M91: =[1]Лист1!V173 -> 0 | N91: =[1]Лист1!W173 -> 1 | O91: =[1]Лист1!X173 -> 0 | P91: =[1]Лист1!Y173 -> 1 | Q91: =[1]Лист1!Z173 -> 0 | R91: =[1]Лист1!AA173 -> 1 | S91: =[1]Лист1!AB173 -> 0 | T91: =[1]Лист1!AC173 -> 1 | ... X91: =[1]Лист1!AG173 -> 1 | Y91: 3 | Z91: 2 | AA91: =[1]Лист1!AJ173 -> 0 | AB91: =[1]Лист1!AK173 -> 1 | AC91: =[1]Лист1!AL173 -> 0 | AD91: =[1]Лист1!AM173 -> 0 | AE91: =[1]Лист1!AN173 -> 0 | AF91: =[1]Лист1!AO173 -> 1 | AG91: =[1]Лист1!AP173 -> 0 | AH91: =[1]Лист1!AQ173 -> 0 | ... BE91: =[1]Лист1!BN173 -> 0 | BF91: 1 | BG91: =[1]Лист1!BP173 -> 0 | BH91: =[1]Лист1!BQ173 -> 4 | BI91: 2 | BJ91: =[1]Лист1!BS173 -> 3 | BK91: =[1]Лист1!BT173 -> 0 | BL91: =[1]Лист1!BU173 -> 2 | BM91: =[1]Лист1!BV173 -> 0 | BN91: =[1]Лист1!BW173 -> 2
A92: =+A91+1 -> 84 | B92: Profilaktik hisobda turgan shaxslar | C92: =SUM(D92:BN92) -> 75 | D92: 0 | E92: 3 | F92: 0 | G92: 0 | H92: 1 | I92: 0 | J92: 3 | K92: 0 | L92: 4 | M92: 0 | N92: 0 | O92: 4 | P92: 1 | Q92: 4 | R92: 0 | S92: 0 | T92: 0 | U92: 0 | V92: 2 | W92: 2 | X92: 0 | Y92: 0 | Z92: 4 | AA92: 0 | AB92: 1 | AC92: 0 | AD92: 1 | AE92: 1 | AF92: 0 | AG92: 2 | AH92: 0 | AI92: 2 | AJ92: 1 | AK92: 0 | AL92: 1 | AM92: 1 | AN92: 0 | AO92: 0 | AP92: 3 | AQ92: 0 | AR92: 4 | AS92: 1 | AT92: 3 | AU92: 8 | AV92: 0 | AW92: 1 | AX92: 0 | AY92: 1 | AZ92: 0 | BA92: 1 | BB92: 3 | BC92: 2 | BD92: 0 | BE92: 0 | BF92: 0 | BG92: 0 | BH92: 0 | BI92: 2 | BJ92: 3 | BK92: 1 | BL92: 3 | BM92: 0 | BN92: 1
A93: =+A92+1 -> 85 | B93: Probatsiya hisobida turgan shaxslar | C93: =SUM(D93:BN93) -> 105 | D93: 1 | E93: 1 | F93: 3 | G93: 3 | H93: 2 | I93: 3 | J93: 2 | K93: 3 | L93: 1 | M93: 0 | N93: 0 | O93: 1 | P93: 2 | Q93: 0 | R93: 1 | S93: 1 | T93: 3 | U93: 3 | V93: 2 | W93: 1 | X93: 2 | Y93: 2 | Z93: 2 | AA93: 0 | AB93: 0 | AC93: 2 | AD93: 0 | AE93: 2 | AF93: 1 | AG93: 2 | AH93: 1 | AI93: 3 | AJ93: 0 | AK93: 1 | AL93: 4 | AM93: 1 | AN93: 1 | AO93: 2 | AP93: 1 | AQ93: 1 | AR93: 1 | AS93: 1 | AT93: 2 | AU93: 7 | AV93: 0 | AW93: 4 | AX93: 3 | AY93: 2 | AZ93: 0 | BA93: 1 | BB93: 0 | BC93: 2 | BD93: 3 | BE93: 1 | BF93: 3 | BG93: 1 | BH93: 2 | BI93: 3 | BJ93: 0 | BK93: 2 | BL93: 1 | BM93: 4 | BN93: 1
A94: =+A93+1 -> 86 | B94: JIEMda jazo o‘tayotganlar | C94: =SUM(D94:BN94) -> 52 | D94: =[1]Лист1!M174 -> 0 | E94: =[1]Лист1!N174 -> 0 | F94: =[1]Лист1!O174 -> 0 | G94: =[1]Лист1!P174 -> 0 | H94: =[1]Лист1!Q174 -> 0 | I94: =[1]Лист1!R174 -> 0 | J94: =[1]Лист1!S174 -> 3 | K94: =[1]Лист1!T174 -> 0 | ... BN94: =[1]Лист1!BW174 -> 5
A95: =+A94+1 -> 87 | B95: JIEMda jazo muddatini o‘tab qaytganlar | C95: =SUM(D95:BN95) -> 52 | D95: =[1]Лист1!M175 -> 0 | E95: =[1]Лист1!N175 -> 0 | F95: =[1]Лист1!O175 -> 0 | G95: =[1]Лист1!P175 -> 0 | H95: =[1]Лист1!Q175 -> 0 | I95: =[1]Лист1!R175 -> 0 | J95: =[1]Лист1!S175 -> 0 | K95: =[1]Лист1!T175 -> 0 | ... BN95: =[1]Лист1!BW175 -> 2
A96: =+A95+1 -> 88 | B96: Psixotrop(giyohvandlik) moddalarga ruju qo‘ygan shaxslar | C96: =SUM(D96:BN96) -> 46 | D96: =[1]Лист1!M182 -> 0 | E96: =[1]Лист1!N182 -> 0 | F96: =[1]Лист1!O182 -> 1 | G96: =[1]Лист1!P182 -> 1 | H96: =[1]Лист1!Q182 -> 0 | I96: =[1]Лист1!R182 -> 0 | J96: =[1]Лист1!S182 -> 0 | K96: =[1]Лист1!T182 -> 0 | ... BN96: =[1]Лист1!BW182 -> 0
A97: =+A96+1 -> 89 | B97: Spirtli ichimlikka ruju qo‘ygan shaxslar | C97: =SUM(D97:BN97) -> 163 | D97: =[1]Лист1!M183 -> 1 | E97: =[1]Лист1!N183 -> 1 | F97: =[1]Лист1!O183 -> 0 | G97: =[1]Лист1!P183 -> 0 | H97: =[1]Лист1!Q183 -> 0 | I97: =[1]Лист1!R183 -> 0 | J97: =[1]Лист1!S183 -> 0 | K97: =[1]Лист1!T183 -> 0 | ... BN97: =[1]Лист1!BW183 -> 3
A98: VII. Mahalla hududidagi ta’lim muassasalari | C98: =SUBTOTAL(9,D98:BN98) -> 113 | D98: =+D99+D102+D108+D113 -> 5 | E98: =+E99+E102+E108+E113 -> 2 | F98: =+F99+F102+F108+F113 -> 7 | G98: =+G99+G102+G108+G113 -> 2 | H98: =+H99+H102+H108+H113 -> 2 | I98: =+I99+I102+I108+I113 -> 2 | J98: =+J99+J102+J108+J113 -> 5 | K98: =+K99+K102+K108+K113 -> 0 | ... BN98: =+BN99+BN102+BN108+BN113 -> 1
A99: =+A97+1 -> 90 | B99: 1. Maktabgacha ta’lim muassasalari (bog‘cha) soni | C99: =SUM(D99:BN99) -> 72 | D99: =SUM(D100:D101) -> 3 | E99: =SUM(E100:E101) -> 1 | F99: =SUM(F100:F101) -> 5 | G99: =SUM(G100:G101) -> 1 | H99: =SUM(H100:H101) -> 1 | I99: =SUM(I100:I101) -> 2 | J99: =SUM(J100:J101) -> 5 | K99: =SUM(K100:K101) -> 0 | ... BN99: =SUM(BN100:BN101) -> 0
A100: =+A99+1 -> 91 | B100: davlat maktabgacha ta’lim muassasalari soni | C100: =SUM(D100:BN100) -> 32 | D100: 2 | E100: 0 | F100: 0 | G100: 0 | H100: 1 | I100: 2 | J100: 2 | K100: 0 | L100: 3 | M100: 1 | N100: 1 | O100: 2 | P100: 0 | Q100: 0 | R100: 0 | S100: 0 | T100: 0 | U100: 1 | V100: 0 | W100: 1 | X100: 1 | Y100: 0 | Z100: 0 | AA100: 0 | AB100: 0 | AC100: 0 | AD100: 0 | AE100: 0 | AF100: 1 | AG100: 0 | AH100: 0 | AI100: 1 | AJ100: 1 | AK100: 0 | AL100: 0 | AM100: 0 | AN100: 1 | AO100: 0 | AP100: 0 | AQ100: 2 | AR100: 0 | AS100: 0 | AT100: 2 | AU100: 0 | AV100: 0 | AW100: 2 | AX100: 0 | AY100: 0 | AZ100: 0 | BA100: 0 | BB100: 2 | BC100: 0 | BD100: 0 | BE100: 0 | BF100: 0 | BG100: 1 | BH100: 0 | BI100: 0 | BJ100: 0 | BK100: 0 | BL100: 0 | BM100: 2 | BN100: 0
...

Sheet Лист2
A4: 0/6 | C4: 417 | D4: 292 | E4: 333 | F4: 290 | G4: 312 | H4: 378 | I4: 295 | J4: 274 | K4: 499 | L4: 238 | M4: 291 | N4: 349 | O4: 340 | P4: 462 | Q4: 342 | R4: 442 | S4: 266 | T4: 269 | U4: 302 | V4: 316 | W4: 384 | X4: 258 | Y4: 296 | Z4: 201 | AA4: 228 | AB4: 316 | AC4: 246 | AD4: 341 | AE4: 320 | AF4: 281 | AG4: 266 | AH4: 234 | AI4: 197 | AJ4: 175 | AK4: 176 | AL4: 305 | AM4: 264 | AN4: 342 | AO4: 298 | AP4: 382 | AQ4: 163 | AR4: 268 | AS4: 260 | AT4: 309 | AU4: 381 | AV4: 372 | AW4: 334 | AX4: 482 | AY4: 241 | AZ4: 240 | BA4: 288 | BB4: 344 | BC4: 342 | BD4: 308 | BE4: 262 | BF4: 260 | BG4: 403 | BH4: 312 | BI4: 340 | BJ4: 285 | BK4: 343 | BL4: 261 | BM4: 236
C5: 1042 | D5: 732 | E5: 833 | F5: 726 | G5: 780 | H5: 945 | I5: 739 | J5: 687 | K5: 1248 | L5: 595 | M5: 729 | N5: 873 | O5: 850 | P5: 1156 | Q5: 855 | R5: 1105 | S5: 666 | T5: 673 | U5: 755 | V5: 790 | W5: 961 | X5: 646 | Y5: 742 | Z5: 504 | AA5: 570 | AB5: 792 | AC5: 616 | AD5: 852 | AE5: 800 | AF5: 702 | AG5: 666 | AH5: 587 | AI5: 494 | AJ5: 437 | AK5: 440 | AL5: 763 | AM5: 661 | AN5: 857 | AO5: 747 | AP5: 955 | AQ5: 408 | AR5: 670 | AS5: 651 | AT5: 773 | AU5: 953 | AV5: 930 | AW5: 837 | AX5: 1206 | AY5: 603 | AZ5: 601 | BA5: 721 | BB5: 860 | BC5: 856 | BD5: 771 | BE5: 655 | BF5: 651 | BG5: 1007 | BH5: 781 | BI5: 850 | BJ5: 713 | BK5: 859 | BL5: 654 | BM5: 592
C6: =C5-C4 -> 625 | D6: =D5-D4 -> 440 | E6: =E5-E4 -> 500 | F6: =F5-F4 -> 436 | G6: =G5-G4 -> 468 | H6: =H5-H4 -> 567 | I6: =I5-I4 -> 444 | J6: =J5-J4 -> 413 | ... BM6: =BM5-BM4 -> 356
